Year,Geography,Total population,Total 0-4 years,Total 5-9 years,Total 10-14 years,Total 15-19 years,Total 20-24 years,Total 25-29 years,Total 30-34 years,Total 35-39 years,Total 40-44 years,Total 45-49 years,Total 50-54 years,Total 55-59 years,Total 60-64 years,Total 65-69 years,Total 70-74 years,Total 75-79 years,Total 80-84 years,Total 85 years and over,Male population,Male 0-4 years,Male 5-9 years,Male 10-14 years,Male 15-19 years,Male 20-24 years,Male 25-29 years,Male 30-34 years,Male 35-39 years,Male 40-44 years,Male 45-49 years,Male 50-54 years,Male 55-59 years,Male 60-64 years,Male 65-69 years,Male 70-74 years,Male 75-79 years,Male 80-84 years,Male 85 years and over,Female population,Female 0-4 years,Female 5-9 years,Female 10-14 years,Female 15-19 years,Female 20-24 years,Female 25-29 years,Female 30-34 years,Female 35-39 years,Female 40-44 years,Female 45-49 years,Female 50-54 years,Female 55-59 years,Female 60-64 years,Female 65-69 years,Female 70-74 years,Female 75-79 years,Female 80-84 years,Female 85 years and over
2016,City of Melbourne,146096,4902,2688,2018,11593,31755,28314,19085,10210,6639,5474,5071,4594,4046,3580,2366,1492,977,1294,71716,2446,1380,1045,4966,14619,14151,9876,5550,3500,2751,2501,2257,1970,1790,1238,754,443,479,74383,2456,1309,973,6627,17135,14162,9210,4660,3139,2723,2571,2337,2076,1790,1128,738,534,815
2017,City of Melbourne,159141,5253,2914,2415,12391,34538,31403,20652,11391,7192,5961,5387,4901,4371,3672,2668,1620,1032,1380,78097,2599,1522,1209,5447,15917,15624,10746,6122,3784,2948,2645,2423,2102,1812,1395,811,474,517,81040,2655,1393,1206,6943,18620,15779,9906,5269,3408,3012,2742,2477,2269,1859,1273,808,558,863
2018,City of Melbourne,169961,5739,3159,2668,13046,36091,33750,22232,12455,7763,6325,5755,5264,4619,3883,2947,1725,1096,1446,83508,2848,1639,1320,5802,16752,16750,11548,6649,4077,3146,2816,2597,2219,1914,1503,871,504,553,86455,2890,1520,1348,7244,19339,17000,10684,5806,3686,3178,2939,2668,2401,1968,1445,854,592,893
2019,City of Melbourne,179814,6101,3422,2879,14464,37723,35128,23471,13404,8265,6700,6021,5603,4837,4082,3157,1888,1175,1496,88309,3048,1750,1411,6479,17583,17432,12124,7133,4349,3301,2945,2771,2316,1998,1596,946,553,574,91501,3052,1671,1468,7985,20140,17696,11347,6270,3916,3399,3076,2832,2521,2083,1561,941,621,922
2020,City of Melbourne,190238,6452,3672,3053,15539,39417,36820,24920,14340,8935,7084,6405,5908,5084,4332,3346,2074,1289,1566,93456,3241,1846,1506,6965,18457,18278,12870,7602,4680,3479,3166,2908,2431,2111,1660,1044,603,609,96783,3211,1827,1547,8574,20960,18542,12050,6738,4255,3605,3240,3001,2653,2220,1687,1029,687,957
2021,City of Melbourne,201268,6851,3955,3256,16542,40996,38897,26382,15343,9651,7487,6853,6204,5403,4542,3586,2293,1398,1630,98907,3436,1982,1601,7402,19273,19316,13645,8094,5055,3703,3361,3025,2595,2207,1765,1152,650,645,102358,3415,1972,1655,9139,21723,19581,12737,7249,4596,3785,3492,3179,2807,2335,1820,1140,748,985
2022,City of Melbourne,209352,7375,4184,3415,16930,41391,40163,27562,16200,10392,7973,7289,6484,5670,4833,3722,2555,1514,1701,102919,3696,2083,1692,7549,19493,19949,14244,8559,5423,3944,3556,3161,2749,2335,1819,1281,701,685,106433,3678,2101,1722,9381,21898,20214,13318,7641,4969,4029,3733,3324,2920,2498,1904,1273,813,1017
2023,City of Melbourne,218771,7875,4529,3616,17614,42153,41424,28755,17226,11211,8558,7700,6845,5995,5096,3951,2806,1622,1791,107515,3943,2253,1790,7823,19848,20607,14846,9086,5827,4232,3765,3330,2905,2462,1928,1379,758,733,111252,3931,2277,1826,9791,22305,20817,13908,8140,5385,4325,3935,3515,3090,2634,2024,1427,864,1058
2024,City of Melbourne,228197,8421,4898,3831,18129,42773,42617,29844,18286,12114,9204,8198,7198,6343,5366,4192,3030,1784,1967,112129,4215,2442,1884,8013,20129,21223,15424,9634,6284,4562,3985,3500,3087,2582,2037,1479,833,816,116069,4206,2456,1947,10117,22644,21394,14420,8652,5830,4642,4213,3698,3256,2784,2156,1551,951,1152
2025,City of Melbourne,238142,8991,5326,4051,18699,43484,43774,30935,19376,13039,9986,8714,7625,6660,5638,4474,3243,1963,2166,117007,4498,2664,1975,8254,20443,21819,15995,10212,6752,4941,4227,3728,3240,2709,2167,1560,920,903,121137,4493,2662,2076,10445,23042,21955,14939,9164,6286,5045,4487,3898,3420,2930,2307,1683,1042,1263
2026,City of Melbourne,247395,9559,5795,4301,19173,43924,44592,31920,20393,13985,10785,9227,8088,6965,5958,4723,3486,2160,2362,121544,4778,2895,2095,8457,20620,22247,16510,10759,7223,5343,4490,3932,3377,2869,2283,1666,1011,989,125853,4781,2899,2206,10716,23305,22345,15410,9634,6762,5442,4737,4156,3588,3089,2440,1820,1149,1374
2027,City of Melbourne,256655,10121,6349,4537,19662,44370,45331,32840,21418,14924,11642,9813,8561,7270,6254,5038,3660,2377,2487,126078,5054,3171,2201,8668,20792,22630,16989,11296,7714,5760,4774,4143,3530,3030,2423,1739,1111,1053,130575,5066,3178,2336,10994,23578,22701,15851,10122,7211,5883,5038,4417,3740,3224,2615,1921,1266,1434
2028,City of Melbourne,266116,10689,6893,4820,20124,44805,46051,33675,22410,15938,12543,10458,9005,7616,6582,5329,3902,2595,2682,130693,5333,3441,2338,8866,20946,22995,17436,11820,8233,6195,5087,4362,3700,3189,2561,1851,1194,1146,135421,5356,3451,2482,11259,23859,23055,16240,10590,7704,6348,5371,4643,3916,3393,2767,2050,1401,1536
2029,City of Melbourne,275363,11262,7480,5124,20491,45107,46694,34427,23346,16974,13497,11128,9490,7946,6922,5624,4150,2795,2906,135177,5615,3732,2491,9014,21019,23320,17832,12316,8764,6664,5421,4579,3863,3362,2697,1962,1277,1249,140186,5647,3748,2633,11477,24088,23374,16595,11030,8210,6833,5707,4911,4083,3560,2927,2188,1518,1657
2030,City of Melbourne,284660,11852,8092,5465,20792,45322,47307,35137,24274,18038,14475,11888,9983,8322,7232,5922,4426,2987,3146,139698,5903,4034,2664,9136,21056,23623,18212,12805,9316,7145,5787,4809,4065,3512,2837,2086,1349,1359,144964,5949,4058,2802,11656,24266,23684,16925,11469,8722,7330,6101,5174,4257,3720,3086,2340,1638,1787
2031,City of Melbourne,293371,12284,8674,5816,21222,45613,47753,35788,25066,19010,15412,12620,10458,8708,7531,6241,4674,3189,3312,143944,6113,4320,2835,9334,21149,23833,18555,13224,9824,7599,6148,5046,4246,3647,2995,2198,1435,1443,149426,6172,4354,2981,11888,24464,23920,17232,11842,9186,7814,6471,5412,4462,3884,3245,2475,1755,1869
2032,City of Melbourne,302539,12663,9224,6215,21687,46206,48366,36490,25787,19940,16312,13375,10973,9099,7830,6541,4972,3356,3503,148441,6293,4590,3029,9545,21415,24131,18926,13607,10301,8050,6512,5292,4431,3794,3153,2329,1505,1538,154097,6370,4633,3185,12142,24791,24234,17564,12180,9639,8263,6863,5682,4668,4036,3388,2643,1852,1964
2033,City of Melbourne,311681,12992,9723,6597,22224,46931,48997,37152,26410,20778,17198,14122,11505,9462,8149,6862,5255,3569,3753,152908,6450,4834,3217,9789,21749,24439,19273,13941,10734,8488,6869,5546,4618,3950,3307,2461,1597,1646,158773,6542,4889,3381,12436,25182,24559,17879,12469,10044,8710,7252,5959,4844,4199,3555,2794,1972,2107
2034,City of Melbourne,320794,13298,10159,6992,22774,47733,49695,37808,26989,21533,18048,14880,12042,9853,8461,7192,5540,3789,4008,157381,6597,5046,3408,10048,22129,24779,19620,14252,11129,8908,7237,5807,4804,4103,3473,2589,1691,1761,163414,6701,5114,3584,12726,25604,24916,18187,12737,10404,9140,7643,6235,5049,4358,3719,2951,2099,2247
2035,City of Melbourne,329874,13602,10533,7388,23338,48597,50459,38455,27545,22218,18854,15622,12618,10241,8799,7496,5821,4028,4261,161841,6744,5226,3599,10313,22541,25157,19961,14551,11487,9309,7596,6080,4994,4281,3619,2718,1792,1873,168035,6858,5307,3788,13025,26056,25302,18494,12994,10732,9544,8026,6539,5247,4519,3877,3103,2236,2388
2036,City of Melbourne,338921,13902,10847,7772,23922,49549,51291,39086,28084,22834,19609,16351,13189,10626,9153,7799,6122,4258,4528,166279,6889,5377,3783,10577,22996,25576,20293,14840,11810,9689,7945,6355,5194,4448,3759,2862,1892,1994,172643,7014,5470,3989,13345,26553,25716,18792,13243,11024,9919,8407,6834,5432,4705,4040,3260,2366,2534
2037,City of Melbourne,347934,14203,11125,8134,24507,50522,52185,39736,28619,23399,20329,17050,13772,11035,9508,8101,6408,4520,4782,170707,7034,5510,3956,10841,23460,26030,20635,15128,12108,10046,8288,6630,5399,4616,3908,3004,2003,2111,177230,7169,5615,4179,13665,27063,26155,19101,13491,11292,10284,8762,7141,5636,4892,4193,3404,2517,2671
2038,City of Melbourne,357105,14516,11390,8476,25101,51525,53148,40434,29172,23932,21004,17752,14364,11469,9855,8430,6712,4770,5055,175211,7183,5637,4118,11116,23940,26520,21000,15423,12389,10381,8628,6908,5614,4792,4068,3144,2115,2235,181892,7333,5753,4358,13985,27585,26628,19434,13748,11544,10622,9123,7456,5855,5063,4362,3568,2655,2820
2039,City of Melbourne,366083,14825,11641,8780,25719,52530,54115,41148,29710,24437,21625,18429,14965,11905,10223,8748,7018,5012,5254,179633,7331,5756,4262,11399,24415,27012,21373,15713,12654,10694,8955,7193,5834,4968,4224,3292,2220,2338,186450,7494,5884,4519,14319,28115,27103,19775,13996,11784,10932,9474,7773,6071,5255,4523,3726,2791,2916
2040,City of Melbourne,375144,15130,11887,9047,26345,53581,55107,41877,30241,24928,22204,19076,15553,12369,10590,9089,7316,5262,5541,184072,7477,5873,4387,11681,24910,27516,21754,16000,12911,10984,9270,7471,6062,5146,4401,3430,2330,2469,191072,7653,6014,4661,14664,28671,27591,20123,14241,12017,11220,9806,8082,6307,5444,4688,3886,2932,3072
2041,City of Melbourne,384024,15428,12132,9278,26952,54613,56084,42609,30762,25408,22740,19686,16132,12828,10955,9445,7614,5529,5828,188426,7620,5989,4495,11954,25395,28012,22136,16281,13164,11254,9569,7741,6293,5332,4571,3565,2451,2604,195600,7808,6143,4783,14999,29219,28072,20473,14482,12244,11486,10117,8391,6535,5623,4874,4049,3078,3224
2016,Carlton,20245,495,380,331,2858,6267,3317,1774,964,643,552,527,476,439,402,271,220,152,177,9421,252,200,187,1165,2742,1635,887,502,337,275,236,221,197,194,140,118,66,67,10824,243,180,144,1693,3525,1682,887,462,306,277,291,255,242,208,131,102,86,110
2017,Carlton,21573,536,405,424,2938,6516,3702,1900,1049,666,625,551,517,453,403,302,235,162,189,10070,275,220,226,1225,2840,1794,984,536,347,316,255,237,198,189,160,123,74,71,11503,261,184,198,1712,3676,1908,916,513,319,310,296,281,255,214,142,112,88,118
2018,Carlton,21988,581,428,455,2778,6366,3969,1991,1109,714,639,592,542,472,423,329,235,176,189,10300,301,234,233,1173,2787,1908,1026,568,369,324,278,250,206,200,167,127,80,69,11687,279,194,221,1606,3578,2060,966,541,344,315,315,292,266,223,162,108,97,120
2019,Carlton,24361,650,465,515,3326,6989,4391,2165,1210,775,706,627,601,511,440,359,250,183,197,11410,344,246,261,1403,3086,2112,1097,610,408,351,296,284,235,207,177,133,88,72,12952,306,219,254,1924,3903,2279,1069,600,366,355,331,317,276,233,182,117,95,126
2020,Carlton,25481,687,487,518,3621,7162,4529,2306,1256,836,731,666,637,535,477,370,269,189,205,11934,365,256,265,1521,3175,2188,1152,621,440,361,322,301,250,224,181,145,93,74,13547,322,231,253,2100,3987,2341,1154,635,396,370,343,336,285,253,189,124,97,131
2021,Carlton,26239,711,523,529,3789,7191,4650,2378,1322,873,735,714,671,566,496,386,296,202,208,12298,376,275,269,1594,3191,2257,1180,652,453,361,354,313,266,234,187,161,101,74,13941,334,248,260,2195,4000,2393,1198,670,421,374,360,357,300,261,199,135,102,134
2022,Carlton,27234,758,557,549,4006,7326,4742,2481,1382,926,760,769,700,605,515,404,324,215,215,12787,399,294,284,1683,3259,2308,1224,691,472,372,383,333,286,239,197,179,105,79,14447,359,263,266,2323,4067,2434,1257,691,454,387,386,367,319,276,207,145,109,137
2023,Carlton,28565,796,596,574,4375,7617,4818,2587,1462,986,813,794,745,635,542,432,350,219,223,13393,417,316,297,1831,3388,2351,1268,726,499,398,396,358,304,252,213,187,110,82,15171,379,280,277,2544,4229,2467,1319,735,487,415,398,388,331,290,219,163,109,141
2024,Carlton,29452,825,633,590,4620,7778,4812,2641,1525,1045,854,840,766,671,569,448,376,230,229,13798,431,336,303,1930,3460,2349,1292,755,523,423,414,368,326,272,218,196,115,87,15656,395,297,287,2690,4319,2463,1349,770,522,431,426,398,345,297,230,180,116,141
2025,Carlton,30088,849,671,604,4777,7872,4770,2654,1594,1086,909,868,797,697,590,482,388,246,235,14086,441,357,310,1996,3496,2330,1297,785,538,451,426,387,338,284,233,201,124,92,16005,408,315,294,2781,4376,2439,1358,809,548,458,442,410,359,306,249,187,122,144
2026,Carlton,30321,876,707,632,4768,7762,4684,2658,1641,1147,958,887,839,725,618,503,405,267,243,14205,454,374,325,1991,3443,2291,1301,807,567,473,434,413,349,298,244,209,136,96,16116,422,333,307,2777,4319,2393,1357,834,580,485,453,426,375,320,259,197,132,147
2027,Carlton,30637,901,749,657,4790,7694,4612,2642,1693,1205,1014,915,881,746,650,524,423,289,252,14357,466,395,338,2000,3407,2258,1293,829,600,496,447,434,364,315,250,217,147,101,16279,435,354,319,2790,4287,2354,1348,864,605,518,468,447,382,335,274,206,141,152
2028,Carlton,30941,927,787,686,4799,7614,4550,2614,1743,1267,1072,963,904,778,676,549,447,307,257,14508,479,413,354,2003,3366,2229,1282,852,630,523,470,446,382,330,262,230,153,104,16432,449,374,332,2796,4248,2321,1332,890,637,548,493,459,396,346,287,217,154,153
2029,Carlton,31318,953,825,716,4818,7566,4515,2587,1784,1327,1135,1006,944,797,708,576,465,328,266,14691,491,432,370,2010,3338,2213,1270,873,659,552,494,463,391,349,280,237,160,109,16626,462,393,345,2809,4228,2302,1318,911,668,583,512,482,406,359,296,228,168,156
2030,Carlton,31677,977,864,747,4829,7512,4483,2558,1813,1395,1193,1061,975,824,734,599,496,340,277,14864,502,451,387,2014,3308,2197,1256,889,692,577,521,476,408,361,293,251,165,116,16814,475,413,360,2815,4204,2286,1302,924,703,616,540,499,416,373,307,245,175,161
2031,Carlton,31980,986,898,772,4840,7468,4446,2531,1830,1447,1254,1106,996,856,759,627,517,355,291,15012,506,468,399,2020,3282,2179,1244,899,717,607,542,486,427,371,307,262,172,124,16971,480,430,373,2820,4185,2267,1288,932,730,648,565,511,429,387,321,255,183,167
2032,Carlton,32579,998,930,804,4943,7555,4452,2519,1839,1500,1313,1157,1025,890,780,659,538,372,305,15289,513,484,415,2062,3319,2181,1238,903,741,637,563,499,445,385,323,269,180,132,17289,486,446,389,2881,4236,2272,1281,936,759,676,593,526,444,395,336,269,191,173
2033,Carlton,33167,1006,957,831,5042,7659,4465,2512,1838,1545,1369,1205,1065,910,811,686,562,391,314,15561,517,497,428,2102,3363,2186,1234,904,762,663,586,518,455,402,337,281,190,136,17606,490,460,403,2940,4296,2279,1278,935,782,705,619,547,454,409,348,282,201,178
2034,Carlton,33605,1011,978,857,5081,7707,4471,2507,1835,1579,1417,1254,1100,941,830,717,587,408,326,15772,519,508,441,2120,3382,2189,1232,903,779,686,608,536,470,411,355,296,196,141,17835,492,470,416,2961,4324,2282,1275,933,800,731,646,564,472,419,362,291,212,185
2035,Carlton,34035,1016,993,882,5117,7758,4485,2505,1833,1603,1465,1296,1141,966,856,743,610,432,335,15977,522,515,454,2136,3403,2196,1231,902,791,709,626,556,482,427,367,308,206,146,18057,494,478,428,2981,4355,2289,1274,931,811,756,670,585,485,429,376,302,225,188
2036,Carlton,34607,1021,1005,906,5209,7883,4522,2507,1831,1621,1505,1343,1178,986,885,770,637,451,347,16240,524,521,465,2173,3458,2213,1231,901,801,728,648,573,491,444,379,321,216,153,18365,497,484,440,3036,4425,2308,1276,930,820,777,695,605,495,441,391,316,235,194
2037,Carlton,35181,1026,1015,927,5304,8011,4567,2513,1832,1632,1542,1385,1216,1009,916,793,666,469,360,16507,527,526,476,2211,3514,2235,1233,902,807,744,669,590,502,460,393,335,222,161,18673,499,488,451,3093,4497,2332,1280,930,825,798,715,627,507,455,400,330,247,199
2038,Carlton,35637,1032,1023,946,5347,8082,4607,2520,1836,1638,1576,1426,1253,1040,937,822,690,490,372,16727,531,531,485,2229,3545,2255,1236,904,811,759,689,607,518,471,408,349,232,167,18913,502,493,461,3118,4537,2352,1283,932,828,816,737,647,522,466,414,342,258,205
2039,Carlton,36091,1039,1031,962,5390,8154,4651,2530,1842,1644,1603,1463,1291,1068,966,843,718,510,383,16943,534,535,493,2248,3575,2278,1241,907,814,773,706,623,533,485,419,364,243,172,19148,505,496,469,3143,4579,2374,1289,935,830,831,757,667,535,481,424,355,267,211
2040,Carlton,36679,1047,1039,975,5487,8293,4712,2545,1850,1651,1625,1500,1324,1100,990,869,743,530,397,17216,538,539,500,2286,3636,2307,1248,911,818,783,723,638,550,497,433,376,253,180,19466,509,500,476,3201,4657,2405,1298,939,833,842,777,686,550,494,436,368,277,218
2041,Carlton,37267,1055,1047,987,5583,8432,4777,2564,1859,1658,1644,1532,1360,1128,1010,897,768,553,411,17487,542,543,505,2324,3696,2339,1256,916,822,793,738,655,564,506,450,387,264,187,19780,512,504,481,3259,4736,2438,1308,944,837,851,794,705,565,504,448,382,289,223
2016,Docklands,11832,598,170,107,491,1707,2567,1881,985,628,547,604,514,380,346,174,80,41,12,6136,311,90,52,218,811,1316,1036,561,342,274,309,251,196,186,109,42,23,9,5696,287,80,55,273,896,1251,845,424,286,273,295,263,184,160,65,38,18,3
2017,Docklands,14873,709,209,160,732,2418,3181,2315,1205,764,678,690,605,465,354,227,95,49,16,7677,366,116,75,322,1176,1638,1265,681,412,334,340,298,239,191,138,52,24,10,7197,343,93,86,410,1241,1543,1050,525,352,345,350,307,226,164,89,44,24,5
2018,Docklands,16639,818,259,179,808,2679,3495,2588,1380,883,745,768,674,526,389,255,113,57,24,8575,424,143,84,357,1314,1790,1403,776,475,370,370,342,268,204,145,63,33,14,8068,395,116,95,451,1366,1705,1186,603,408,375,398,332,258,185,110,50,25,10
2019,Docklands,17470,870,329,188,793,2681,3549,2740,1523,948,818,807,735,553,418,291,131,68,27,8992,454,178,85,351,1314,1817,1475,865,508,396,393,374,280,217,159,74,35,17,8479,416,151,103,442,1367,1732,1265,659,440,422,415,361,273,202,132,57,32,10
2020,Docklands,18478,929,384,207,818,2728,3665,2885,1656,1040,882,867,797,594,442,325,149,79,33,9495,482,205,96,364,1332,1872,1562,934,556,426,424,400,293,229,174,86,41,19,8980,446,178,111,454,1396,1793,1323,721,483,456,443,397,300,213,150,64,38,14
2021,Docklands,19709,1001,435,239,864,2804,3846,3051,1795,1146,951,945,846,644,489,351,177,86,41,10119,520,231,113,385,1370,1965,1652,1007,611,466,457,421,317,247,190,100,43,24,9592,481,204,126,479,1434,1881,1399,788,535,486,488,425,327,242,161,77,43,16
2022,Docklands,21325,1099,488,267,943,2958,4135,3240,1964,1267,1044,1039,903,704,550,360,218,98,46,10934,571,255,130,421,1445,2115,1758,1095,673,512,499,441,349,279,195,121,49,26,10389,528,233,137,523,1513,2019,1482,869,593,532,540,462,356,271,165,97,49,20
2023,Docklands,22680,1184,551,304,974,3030,4331,3402,2114,1389,1149,1112,971,762,601,393,244,115,54,11624,614,287,149,435,1480,2218,1845,1172,737,563,537,468,384,304,209,129,60,33,11055,569,264,155,539,1550,2113,1557,942,652,586,575,503,378,297,185,114,55,21
2024,Docklands,24694,1301,613,363,1063,3233,4672,3637,2307,1556,1271,1233,1048,837,646,431,281,135,68,12643,673,320,176,474,1580,2394,1976,1274,828,622,589,507,423,325,227,144,70,41,12049,628,293,187,589,1652,2279,1661,1033,728,649,644,540,414,321,204,136,64,27
2025,Docklands,26621,1423,688,414,1129,3376,4971,3871,2494,1721,1412,1349,1140,914,699,465,317,155,84,13625,735,358,200,506,1650,2546,2104,1381,913,691,645,553,460,346,245,161,81,50,12997,688,330,214,623,1726,2425,1767,1113,808,721,705,586,454,353,220,156,74,34
2026,Docklands,28268,1535,770,460,1164,3424,5175,4074,2667,1879,1553,1457,1236,976,757,515,347,181,96,14459,791,400,222,523,1673,2651,2214,1477,995,759,700,596,489,373,267,178,93,58,13808,744,370,238,641,1752,2524,1860,1190,885,794,757,640,487,384,248,169,87,38
2027,Docklands,29614,1631,856,505,1173,3395,5286,4240,2816,2033,1684,1562,1329,1034,816,572,362,214,106,15141,839,444,241,530,1657,2708,2303,1561,1074,823,751,639,513,404,296,186,109,63,14474,792,412,264,643,1738,2578,1938,1254,960,860,812,691,520,412,276,176,105,43
2028,Docklands,31188,1735,947,559,1212,3405,5436,4412,2981,2196,1830,1687,1418,1104,878,625,398,240,123,15937,890,491,266,548,1662,2786,2396,1653,1156,895,810,683,545,439,323,201,118,75,15251,845,457,292,664,1743,2651,2016,1328,1040,935,877,735,560,439,302,197,122,48
2029,Docklands,32518,1824,1041,604,1238,3356,5513,4544,3125,2351,1979,1800,1519,1167,944,668,434,271,141,16608,935,537,289,559,1638,2825,2467,1733,1236,971,864,726,578,474,343,218,130,85,15909,889,504,315,679,1718,2688,2077,1392,1115,1008,936,792,589,470,325,216,141,55
2030,Docklands,33931,1916,1138,658,1270,3323,5600,4671,3275,2509,2132,1927,1617,1241,1010,718,466,301,159,17323,981,585,316,574,1622,2870,2536,1814,1322,1047,924,773,616,505,364,235,143,96,16611,935,553,343,696,1701,2731,2135,1461,1188,1085,1002,845,625,504,354,232,158,63
2031,Docklands,35028,1970,1222,712,1288,3266,5606,4761,3389,2644,2267,2042,1704,1314,1063,769,510,326,176,17872,1008,626,341,583,1595,2872,2583,1877,1394,1114,979,816,650,531,388,254,156,105,17154,962,596,370,705,1671,2733,2178,1512,1250,1153,1063,888,664,532,380,256,170,71
2032,Docklands,36029,2006,1296,768,1309,3230,5591,4829,3484,2761,2395,2150,1790,1385,1115,821,558,342,198,18374,1026,663,369,592,1579,2865,2618,1929,1458,1177,1031,856,685,553,415,278,164,116,17657,980,633,400,717,1651,2726,2211,1555,1303,1218,1119,933,701,562,406,281,179,82
2033,Docklands,37114,2039,1361,824,1346,3247,5612,4897,3570,2873,2518,2260,1881,1449,1173,873,603,371,217,18917,1043,695,395,609,1588,2876,2655,1977,1518,1237,1083,899,718,580,444,299,175,126,18201,996,667,429,738,1659,2736,2242,1594,1355,1282,1177,982,732,593,428,304,196,91
2034,Docklands,38287,2075,1419,882,1390,3303,5670,4968,3655,2977,2639,2376,1969,1525,1228,929,640,401,240,19503,1061,723,423,629,1616,2906,2694,2023,1574,1297,1140,940,752,609,474,316,189,137,18786,1014,696,460,762,1687,2764,2274,1632,1403,1343,1235,1029,773,619,455,324,213,103
2035,Docklands,39222,2097,1464,935,1418,3320,5688,5012,3715,3062,2742,2479,2056,1593,1286,983,682,428,262,19964,1072,745,447,640,1624,2915,2717,2055,1619,1350,1190,981,785,639,500,334,202,149,19256,1025,719,488,777,1696,2773,2294,1660,1443,1392,1289,1075,808,647,483,348,227,112
2036,Docklands,40102,2117,1497,985,1447,3340,5710,5047,3768,3134,2836,2578,2141,1657,1346,1029,725,464,281,20400,1082,762,470,654,1633,2927,2736,2084,1658,1398,1237,1020,818,668,522,354,216,161,19703,1035,735,515,794,1706,2784,2311,1684,1476,1438,1340,1121,839,679,507,371,248,120
2037,Docklands,40891,2131,1523,1030,1476,3353,5726,5071,3812,3195,2917,2671,2220,1719,1406,1075,768,501,298,20791,1089,774,491,666,1639,2935,2749,2108,1691,1441,1282,1057,849,697,542,376,233,172,20102,1042,748,539,810,1714,2791,2322,1704,1504,1477,1389,1163,870,709,533,393,268,126
2038,Docklands,41428,2132,1541,1067,1487,3329,5693,5068,3832,3236,2982,2747,2292,1780,1456,1122,810,535,320,21052,1089,783,507,671,1627,2919,2746,2119,1714,1474,1318,1090,879,723,564,398,248,183,20377,1043,757,559,817,1702,2774,2322,1713,1522,1508,1429,1202,901,734,558,412,287,137
2039,Docklands,41971,2133,1554,1098,1508,3322,5678,5065,3849,3270,3037,2819,2364,1835,1513,1165,854,564,343,21317,1089,790,522,679,1623,2911,2744,2129,1733,1504,1352,1125,906,749,586,420,260,195,20656,1044,764,576,829,1699,2767,2321,1721,1538,1534,1466,1239,929,764,579,434,304,148
2040,Docklands,42426,2130,1563,1122,1526,3311,5654,5053,3858,3295,3083,2880,2430,1890,1565,1212,897,595,363,21536,1087,794,533,687,1617,2899,2737,2133,1746,1527,1383,1156,933,775,610,440,272,207,20890,1043,769,589,839,1694,2755,2316,1725,1549,1555,1497,1274,958,790,601,456,323,157
2041,Docklands,42792,2123,1569,1140,1540,3294,5622,5034,3858,3312,3117,2932,2490,1943,1612,1259,934,628,387,21711,1084,797,541,692,1608,2882,2726,2133,1756,1546,1409,1184,958,799,633,458,286,219,21081,1039,772,599,848,1686,2740,2307,1725,1556,1571,1523,1306,985,812,626,476,342,168
2016,East Melbourne,5475,188,98,74,97,407,820,735,478,307,307,319,335,390,318,254,117,80,151,2616,86,49,35,47,190,381,331,253,158,155,152,165,173,168,127,63,35,48,2859,102,49,39,50,217,439,404,225,149,152,167,170,217,150,127,54,45,103
2017,East Melbourne,5581,192,95,75,126,421,831,720,493,320,296,331,340,392,319,265,126,87,152,2664,92,46,38,61,189,383,325,262,162,144,165,164,185,165,131,64,40,48,2918,100,49,37,65,232,448,395,231,158,152,166,176,208,154,134,62,47,104
2018,East Melbourne,5694,200,91,83,141,462,822,716,490,338,305,324,362,379,332,273,136,87,153,2714,97,47,41,65,209,381,321,254,173,150,160,170,190,166,133,70,37,50,2979,103,44,42,76,253,441,394,236,165,155,164,192,189,166,140,67,50,102
2019,East Melbourne,5811,202,94,85,150,490,820,721,515,339,292,332,370,388,345,271,148,95,153,2765,99,48,44,67,220,380,329,262,175,143,159,176,195,172,133,73,39,51,3045,103,46,41,84,270,440,393,253,164,149,173,193,193,173,138,75,55,102
2020,East Melbourne,6157,218,102,90,152,515,876,767,510,375,309,341,386,415,357,278,193,107,156,2921,109,55,47,68,237,407,349,244,197,149,159,190,203,182,132,94,45,54,3227,106,47,45,89,287,473,415,269,175,153,184,197,207,184,143,93,57,103
2021,East Melbourne,6152,213,100,95,158,531,890,765,517,366,300,352,378,412,355,277,186,100,155,2922,107,52,50,69,244,417,350,248,190,147,168,181,205,172,134,93,43,52,3229,109,47,43,83,279,469,418,266,179,160,183,196,211,176,146,99,62,103
2022,East Melbourne,6148,213,95,94,169,559,900,758,522,361,297,349,376,409,355,277,169,99,156,2927,106,50,48,77,254,420,340,264,185,144,168,181,200,178,132,87,40,53,3232,106,45,47,93,305,481,418,258,177,152,181,195,208,177,145,82,59,103
2023,East Melbourne,6210,222,106,87,156,510,886,763,514,376,323,349,381,432,349,286,200,114,157,2946,111,57,47,70,232,412,348,245,194,157,164,186,208,187,132,95,48,53,3262,111,49,40,86,278,473,415,269,182,166,185,195,224,162,154,104,66,103
2024,East Melbourne,6247,226,109,87,155,495,881,757,520,394,327,339,386,436,358,296,199,122,160,2961,113,59,47,71,224,409,345,250,200,160,159,184,212,191,137,95,50,55,3284,113,50,40,84,271,472,412,270,193,167,180,201,224,167,159,104,72,105
2025,East Melbourne,6335,232,115,87,160,492,882,764,532,397,344,339,392,432,368,302,203,134,161,3004,116,62,47,73,223,410,350,253,201,169,158,188,212,192,142,95,58,55,3332,116,52,40,87,269,472,414,279,197,175,181,204,220,176,160,108,76,106
2026,East Melbourne,6354,235,118,90,159,471,866,761,540,401,351,344,396,435,372,303,204,146,162,3012,118,64,49,74,212,404,349,260,195,175,161,189,212,196,138,97,62,57,3344,118,54,41,85,259,462,412,280,206,176,183,207,223,176,165,107,84,106
2027,East Melbourne,6381,238,123,91,155,456,856,758,547,403,363,352,389,443,375,307,205,151,167,3025,119,67,50,72,206,400,346,262,196,181,164,182,220,196,146,96,64,58,3356,119,56,41,83,250,456,412,285,207,182,189,207,223,179,161,110,88,108
2028,East Melbourne,6446,243,128,95,154,453,852,762,550,412,368,365,396,439,388,302,213,156,170,3055,122,69,52,72,204,397,348,264,199,182,171,187,217,200,150,96,65,60,3392,121,59,43,82,249,455,414,286,213,187,195,209,222,188,152,116,91,110
2029,East Melbourne,6469,246,132,96,152,438,837,759,551,420,385,369,388,442,391,309,220,156,176,3064,123,71,53,71,198,389,346,264,204,189,174,183,216,203,154,99,65,62,3405,123,61,43,81,240,448,413,287,216,197,195,205,227,188,155,121,91,114
2030,East Melbourne,6509,249,137,99,151,429,826,753,557,431,392,382,388,446,388,317,225,159,181,3082,125,74,55,71,193,384,343,268,208,191,180,182,218,202,155,103,65,65,3425,125,63,44,80,235,441,410,289,223,201,202,206,228,185,161,122,94,116
2031,East Melbourne,6559,252,141,101,154,424,817,749,560,442,399,390,393,450,391,319,227,160,187,3105,126,76,56,72,192,380,342,270,215,189,186,185,219,204,158,101,66,68,3454,126,66,45,81,233,438,407,291,226,210,204,207,231,188,161,127,94,119
2032,East Melbourne,6597,253,145,105,155,418,809,747,562,451,405,400,401,446,397,322,229,163,191,3125,126,78,58,73,188,376,341,270,219,192,192,188,214,210,159,106,66,69,3472,126,67,47,81,230,432,406,292,232,213,208,213,231,187,164,124,97,122
2033,East Melbourne,6638,253,148,107,156,415,803,743,565,455,413,404,410,451,394,332,225,168,194,3144,127,79,59,74,187,374,339,271,221,195,192,193,218,208,162,108,67,70,3495,127,69,48,82,228,430,404,294,234,218,212,217,233,187,170,117,101,124
2034,East Melbourne,6677,253,150,109,157,415,798,739,565,458,421,418,414,445,398,336,231,174,195,3159,127,80,60,75,187,371,336,271,222,199,198,196,215,207,165,111,69,70,3517,127,70,49,83,228,427,402,294,236,222,220,218,230,191,171,120,105,124
2035,East Melbourne,6714,253,152,112,159,414,795,734,562,462,430,423,424,445,401,334,236,177,197,3179,127,81,61,76,187,370,334,270,225,203,200,201,215,209,165,112,72,71,3538,127,71,51,83,227,425,400,293,237,228,224,223,231,192,169,125,106,126
2036,East Melbourne,6753,253,153,114,161,416,793,730,560,464,439,429,431,450,405,337,239,180,200,3196,127,82,62,77,188,369,332,269,226,209,198,206,217,210,166,114,71,73,3557,127,71,52,84,228,424,398,291,238,230,231,225,232,195,171,125,109,126
2037,East Melbourne,6786,253,154,116,162,416,791,727,559,465,446,433,439,456,402,342,242,181,201,3210,127,82,63,78,188,368,331,268,226,211,200,210,219,207,171,114,74,73,3576,126,72,53,85,228,423,396,291,239,235,233,229,237,195,171,128,107,128
2038,East Melbourne,6816,253,154,117,164,416,789,724,557,467,449,439,442,464,406,341,250,179,204,3224,126,82,64,78,188,368,329,267,227,213,202,210,224,210,170,116,76,74,3589,126,72,53,85,228,422,394,290,240,236,237,232,240,196,171,133,103,131
2039,East Melbourne,6849,252,154,119,165,418,790,721,555,468,451,445,453,467,403,344,252,184,207,3241,126,82,65,79,189,368,328,266,227,214,206,215,226,208,170,119,78,75,3609,126,72,54,86,229,422,393,289,241,238,239,238,241,194,174,134,106,133
2040,East Melbourne,6884,252,154,119,167,419,791,720,553,467,455,453,458,476,403,347,252,189,210,3257,126,82,65,80,190,368,328,265,226,216,209,217,230,208,172,119,79,77,3626,126,72,54,87,229,423,392,288,240,239,244,241,245,195,175,133,110,133
2041,East Melbourne,6917,252,154,120,168,421,793,720,550,465,457,459,462,481,407,350,254,191,212,3274,126,82,66,81,191,369,328,264,226,217,213,216,234,210,173,120,81,77,3646,126,72,55,88,230,424,392,287,239,240,246,246,247,197,177,135,110,135
2016,Kensington,11605,801,516,344,374,948,1717,1706,1161,870,716,539,522,430,358,224,160,118,103,5652,399,259,196,171,471,836,774,608,420,355,249,266,210,167,103,75,54,39,5956,402,258,148,203,476,880,933,553,450,361,291,256,220,191,121,85,64,64
2017,Kensington,11701,808,514,366,386,927,1675,1673,1199,893,716,543,523,462,371,249,165,115,114,5688,396,266,196,195,450,819,766,609,443,342,253,268,227,168,114,77,57,42,6011,412,248,170,190,477,856,907,590,450,374,290,255,236,204,135,87,58,72
2018,Kensington,11801,822,530,388,378,905,1622,1681,1233,875,725,574,522,486,378,278,170,120,114,5731,409,265,210,196,436,784,787,608,443,346,266,262,242,167,124,83,60,43,6072,413,266,178,182,469,838,894,626,432,379,308,260,244,211,154,87,60,71
2019,Kensington,11935,828,574,422,379,793,1494,1613,1264,911,727,641,532,515,427,327,198,128,130,5747,413,283,220,196,372,722,769,610,466,337,298,246,257,204,147,90,67,50,6149,419,270,189,185,464,826,877,640,448,389,317,272,250,216,160,92,61,74
2020,Kensington,11919,834,558,413,382,829,1536,1650,1276,888,739,618,527,503,417,314,188,123,126,5762,419,271,218,199,390,743,778,626,454,339,293,247,250,192,143,88,64,48,6156,415,286,195,183,439,792,871,650,435,400,325,280,253,225,171,100,58,78
2021,Kensington,11905,836,539,407,385,878,1604,1662,1263,896,730,601,527,495,394,295,180,121,120,5780,416,284,224,199,375,710,762,609,469,351,290,247,258,217,148,99,69,53,6160,416,291,202,183,421,772,844,654,445,391,343,287,258,223,180,108,62,80
2022,Kensington,11987,837,581,422,396,790,1475,1590,1258,933,744,641,533,515,451,341,217,133,133,5784,416,269,218,200,413,778,784,623,449,342,284,255,245,178,135,88,60,47,6206,420,298,197,197,415,765,828,649,463,392,351,285,257,235,193,118,64,79
2023,Kensington,12135,839,592,434,409,795,1475,1576,1270,960,739,649,553,514,471,349,238,137,135,5847,417,291,226,207,377,709,753,620,475,355,294,256,254,229,149,107,73,55,6294,422,301,208,203,418,766,823,650,486,385,356,298,260,242,200,131,65,80
2024,Kensington,12358,845,604,440,416,790,1466,1569,1268,983,758,656,573,517,479,366,257,156,216,5928,420,297,229,208,374,702,750,622,486,361,293,268,249,231,159,117,80,82,6428,425,307,211,207,416,763,819,646,497,397,363,304,268,248,207,140,76,134
2025,Kensington,12591,856,616,456,425,810,1484,1569,1285,1012,769,670,589,520,488,387,272,163,220,6040,425,305,233,213,385,711,751,631,498,372,296,277,245,236,172,124,81,85,6553,430,311,222,212,425,773,819,654,514,397,375,313,275,252,215,148,83,135
2026,Kensington,12866,870,629,471,438,833,1513,1584,1300,1033,800,673,612,529,500,397,285,173,225,6168,432,309,243,218,397,725,758,642,503,388,299,284,247,242,182,128,83,88,6697,438,319,227,220,437,788,826,658,529,412,374,328,282,258,216,157,90,138
2027,Kensington,13275,895,652,483,451,875,1571,1622,1330,1062,836,697,622,536,505,421,299,188,231,6365,444,321,248,227,415,754,776,659,519,402,314,284,251,246,193,131,90,91,6909,451,331,235,224,460,817,845,671,543,435,382,339,285,259,227,167,98,140
2028,Kensington,13674,922,672,496,467,904,1622,1659,1359,1099,877,706,637,556,509,440,308,204,236,6556,457,331,257,233,430,779,795,673,540,416,322,291,259,245,204,134,96,94,7118,465,341,239,235,474,844,865,686,559,461,384,346,297,263,236,174,108,141
2029,Kensington,14274,957,698,512,485,945,1692,1711,1402,1137,919,735,654,578,518,455,329,226,321,6833,474,344,266,242,450,813,820,695,560,437,334,296,273,245,210,145,106,123,7441,483,354,246,243,495,879,891,707,577,482,400,357,306,273,245,184,120,199
2030,Kensington,14899,996,726,528,505,980,1762,1766,1446,1184,965,757,675,598,527,473,353,249,407,7122,493,358,276,250,468,848,847,718,583,458,349,304,283,245,220,158,114,150,7777,503,368,252,254,513,915,919,728,601,507,409,371,316,282,253,195,135,256
2031,Kensington,15441,1032,757,544,523,1018,1832,1830,1493,1230,1006,793,688,622,540,487,366,261,416,7388,511,373,284,261,486,882,879,742,608,475,366,312,292,249,228,168,118,154,8053,522,383,260,262,532,950,952,752,622,531,427,376,330,291,260,198,143,262
2032,Kensington,16174,1076,793,568,553,1096,1948,1919,1554,1284,1053,834,717,639,553,497,389,274,428,7751,531,392,297,277,527,939,925,772,636,499,382,328,297,256,233,178,122,160,8422,545,401,271,276,569,1008,994,782,648,555,451,388,342,297,264,210,152,269
2033,Kensington,17006,1120,830,589,580,1169,2060,2011,1615,1337,1105,878,736,659,576,511,415,296,518,8146,552,410,309,292,563,996,972,803,662,526,400,340,307,266,238,191,129,190,8861,569,420,280,288,605,1065,1039,812,675,580,478,395,353,310,273,224,167,328
2034,Kensington,17822,1163,866,613,604,1231,2167,2105,1674,1391,1153,920,766,680,599,530,434,321,606,8536,572,428,322,305,595,1049,1020,833,689,550,420,354,315,279,244,199,141,221,9286,591,438,291,298,636,1118,1085,842,702,603,500,412,365,320,286,234,180,385
2035,Kensington,18529,1206,901,637,625,1288,2269,2198,1735,1442,1203,964,792,703,621,543,448,337,617,8883,592,444,335,317,624,1100,1067,864,714,574,440,369,324,290,247,207,149,226,9642,614,456,301,308,664,1168,1131,871,728,629,524,423,378,331,296,241,188,391
2036,Kensington,19098,1237,930,658,643,1328,2339,2265,1784,1486,1247,1001,822,717,644,557,463,349,627,9172,606,459,347,327,647,1138,1102,889,736,597,456,383,333,299,253,214,156,230,9928,632,472,312,315,681,1201,1163,896,750,650,545,439,384,345,304,249,193,397
2037,Kensington,19768,1268,958,681,662,1370,2409,2332,1833,1529,1290,1038,852,738,659,575,479,378,717,9492,619,472,358,339,670,1175,1138,914,757,619,474,396,346,303,262,222,168,260,10277,649,486,322,324,700,1234,1194,919,772,671,564,456,393,356,313,257,210,457
2038,Kensington,20435,1303,986,705,689,1435,2505,2409,1889,1575,1334,1079,886,755,677,596,491,393,728,9828,635,485,371,353,705,1224,1180,943,780,641,495,410,356,312,272,226,175,265,10609,668,501,334,336,730,1281,1230,946,795,694,584,476,399,365,324,265,218,463
2039,Kensington,21106,1338,1013,728,715,1498,2604,2489,1946,1620,1380,1119,919,778,695,617,504,406,740,10161,651,498,384,367,738,1275,1222,972,802,663,514,425,367,319,283,229,180,272,10943,687,515,345,347,759,1329,1267,973,818,717,604,493,411,376,334,275,226,467
2040,Kensington,21831,1370,1037,750,737,1552,2692,2563,1998,1663,1421,1159,951,798,714,640,525,430,831,10512,665,509,395,380,768,1321,1262,1000,823,684,534,440,378,327,294,237,190,305,11320,705,529,355,358,784,1372,1301,998,840,738,625,511,419,387,345,288,239,526
2041,Kensington,22554,1401,1062,770,760,1606,2781,2638,2049,1707,1463,1197,982,823,728,667,544,454,921,10856,679,519,406,392,797,1367,1301,1027,845,704,553,454,391,334,306,245,200,336,11696,722,542,364,368,809,1414,1337,1022,863,759,644,528,432,394,361,299,254,584
2016,Melbourne (CBD),40181,829,335,174,3835,12345,9172,5218,2378,1301,1031,870,793,673,549,332,162,86,98,19771,413,173,84,1642,5705,4566,2788,1316,713,499,435,409,349,292,192,91,49,55,20410,416,162,90,2193,6640,4606,2430,1062,588,532,435,384,324,257,140,71,37,43
2017,Melbourne (CBD),44722,873,381,276,3992,13615,10535,5782,2744,1480,1136,960,839,750,589,383,182,95,112,22022,426,204,129,1761,6297,5226,3076,1491,826,546,477,433,384,305,227,99,52,63,22703,447,177,147,2231,7319,5309,2706,1253,654,590,483,406,366,284,156,83,43,49
2018,Melbourne (CBD),48549,955,425,345,4326,14408,11507,6324,3100,1648,1220,1041,924,808,663,406,221,109,121,23927,470,225,161,1948,6691,5717,3327,1672,904,590,518,468,411,342,235,120,58,70,24620,485,199,183,2377,7717,5790,2996,1428,745,630,523,456,397,321,170,101,51,51
2019,Melbourne (CBD),52366,1028,487,399,4875,15194,12204,6892,3415,1824,1331,1150,993,880,713,465,255,131,130,25831,512,251,185,2235,7097,6041,3601,1850,991,649,557,501,451,360,262,141,73,74,26539,516,236,214,2640,8096,6163,3291,1566,834,682,593,492,429,354,203,115,58,57
2020,Melbourne (CBD),55750,1103,538,443,5134,15820,12940,7411,3739,2037,1441,1241,1059,947,776,514,310,155,144,27544,556,268,207,2372,7444,6392,3863,2024,1078,711,607,533,487,390,279,166,84,83,28207,546,270,236,2762,8376,6548,3548,1715,959,730,634,527,460,386,234,144,71,61
2021,Melbourne (CBD),61190,1244,585,514,5695,16911,14243,8162,4173,2312,1611,1370,1154,1050,833,618,362,183,172,30241,628,290,241,2616,8002,7020,4262,2254,1220,800,661,578,536,419,326,195,96,97,30948,616,295,274,3079,8909,7223,3900,1919,1091,811,710,576,514,413,291,166,86,75
2022,Melbourne (CBD),63866,1400,635,550,5728,16962,14829,8685,4488,2558,1781,1481,1245,1105,916,678,421,212,193,31573,708,311,262,2615,8047,7303,4524,2416,1339,894,711,621,564,459,350,231,109,109,32294,692,324,288,3113,8916,7526,4161,2072,1219,887,769,624,541,457,328,190,103,84
2023,Melbourne (CBD),66636,1552,716,592,5866,17075,15280,9141,4835,2830,1967,1583,1333,1191,988,762,458,253,214,32935,784,351,282,2661,8106,7531,4760,2588,1479,980,763,665,602,493,391,247,130,122,33700,767,365,310,3205,8969,7749,4381,2247,1351,987,820,668,589,495,371,211,123,92
2024,Melbourne (CBD),69590,1722,813,652,5990,17224,15742,9548,5225,3109,2172,1717,1451,1269,1072,827,524,291,241,34380,870,402,308,2690,8174,7770,4964,2786,1629,1081,831,714,641,537,418,277,150,138,35210,852,411,344,3300,9050,7972,4583,2439,1480,1091,887,738,628,535,409,247,141,103
2025,Melbourne (CBD),71937,1877,932,702,6068,17211,15964,9868,5553,3388,2403,1850,1553,1337,1146,899,580,340,267,35516,947,465,327,2708,8148,7892,5123,2955,1777,1180,900,767,675,576,453,298,172,153,36420,929,468,375,3360,9063,8072,4745,2597,1611,1222,950,786,662,570,446,282,168,114
2026,Melbourne (CBD),74542,2033,1081,752,6280,17320,16117,10167,5873,3685,2641,2000,1656,1404,1227,960,668,381,297,36754,1026,539,351,2786,8171,7975,5266,3122,1929,1300,976,809,708,615,482,337,193,169,37789,1007,542,401,3494,9150,8142,4901,2751,1756,1341,1024,847,696,613,477,331,188,128
2027,Melbourne (CBD),77592,2185,1248,810,6637,17647,16292,10434,6205,3975,2897,2174,1769,1487,1291,1049,731,432,330,38198,1102,622,376,2934,8293,8066,5400,3292,2076,1421,1066,861,749,646,524,364,220,186,39393,1083,625,434,3703,9354,8226,5034,2913,1899,1477,1108,907,738,644,525,368,211,144
2028,Melbourne (CBD),80551,2325,1413,880,6976,18020,16424,10636,6496,4276,3167,2356,1872,1565,1372,1128,811,469,367,39582,1172,705,411,3076,8417,8131,5505,3445,2226,1553,1150,912,789,684,561,402,236,207,40970,1154,708,470,3899,9603,8293,5131,3051,2049,1613,1206,960,776,689,567,409,233,159
2029,Melbourne (CBD),82855,2459,1585,957,7130,18121,16453,10764,6737,4583,3429,2540,1988,1655,1444,1212,875,522,401,40609,1238,791,450,3128,8388,8138,5570,3566,2380,1686,1239,968,828,719,604,429,259,228,42246,1221,795,507,4002,9733,8315,5193,3171,2203,1743,1301,1019,827,725,609,446,263,173
2030,Melbourne (CBD),84632,2570,1751,1041,7179,18053,16384,10827,6944,4863,3691,2740,2103,1734,1508,1289,944,570,441,41380,1293,874,494,3132,8279,8087,5605,3671,2523,1818,1326,1027,870,751,642,462,277,249,43253,1276,878,547,4047,9774,8297,5222,3273,2340,1873,1414,1077,864,757,647,482,293,192
2031,Melbourne (CBD),86906,2653,1908,1143,7415,18231,16396,10898,7132,5128,3956,2938,2229,1813,1573,1369,1005,640,479,42402,1334,952,544,3237,8310,8066,5643,3764,2657,1949,1422,1088,905,783,679,491,307,271,44506,1319,956,599,4178,9921,8330,5255,3368,2471,2007,1516,1141,908,791,690,515,333,208
2032,Melbourne (CBD),88694,2699,2042,1246,7501,18287,16388,10951,7262,5365,4189,3135,2360,1894,1645,1432,1084,693,520,43215,1357,1018,595,3274,8304,8035,5672,3831,2778,2063,1513,1155,944,818,709,527,328,294,45479,1342,1024,652,4227,9983,8353,5279,3431,2588,2126,1621,1206,949,827,723,557,365,226
2033,Melbourne (CBD),90962,2746,2159,1353,7694,18547,16515,11041,7383,5582,4428,3341,2500,1974,1716,1512,1158,757,558,44270,1380,1077,647,3356,8408,8070,5720,3895,2889,2179,1612,1219,985,855,745,562,356,315,46692,1366,1082,706,4337,10139,8445,5321,3488,2693,2249,1728,1282,989,861,767,597,400,242
2034,Melbourne (CBD),93361,2781,2254,1458,7965,18926,16672,11135,7484,5758,4658,3535,2639,2063,1797,1585,1235,812,604,45399,1398,1124,698,3483,8579,8121,5769,3949,2977,2290,1708,1284,1029,891,780,599,380,340,47963,1383,1130,761,4482,10348,8551,5366,3535,2781,2368,1827,1355,1033,906,805,636,432,264
2035,Melbourne (CBD),95748,2814,2329,1560,8240,19327,16856,11234,7575,5913,4867,3729,2789,2154,1874,1654,1309,873,652,46529,1414,1161,747,3611,8764,8191,5818,3998,3056,2392,1803,1349,1076,932,813,635,406,363,49220,1400,1168,813,4628,10564,8665,5417,3577,2857,2475,1926,1440,1078,942,841,674,466,289
2036,Melbourne (CBD),97983,2850,2386,1655,8432,19658,17071,11348,7664,6049,5060,3921,2938,2252,1951,1724,1385,931,709,47587,1432,1189,793,3697,8914,8282,5871,4047,3124,2487,1896,1420,1126,967,847,670,433,392,50396,1418,1197,863,4735,10744,8788,5477,3617,2925,2573,2025,1518,1126,984,877,715,498,316
2037,Melbourne (CBD),100152,2885,2431,1739,8608,19979,17298,11473,7751,6161,5243,4098,3087,2356,2031,1801,1450,1000,759,48621,1450,1212,833,3775,9060,8385,5930,4095,3182,2576,1980,1489,1180,1006,884,701,464,419,51531,1435,1219,906,4833,10919,8913,5543,3656,2980,2667,2118,1599,1176,1025,917,749,536,340
2038,Melbourne (CBD),102557,2921,2469,1812,8877,20415,17567,11622,7842,6261,5405,4274,3240,2463,2108,1876,1527,1065,811,49774,1468,1231,867,3899,9264,8512,6001,4145,3234,2656,2063,1561,1231,1045,921,736,493,447,52784,1453,1238,945,4979,11151,9056,5622,3697,3027,2749,2210,1679,1232,1063,955,792,572,364
2039,Melbourne (CBD),105100,2963,2504,1875,9175,20894,17882,11797,7945,6358,5550,4448,3388,2572,2193,1961,1600,1134,864,50997,1489,1248,897,4034,9488,8663,6085,4201,3285,2726,2146,1633,1284,1088,960,770,525,475,54101,1474,1256,978,5140,11405,9219,5711,3743,3073,2823,2302,1755,1288,1105,1002,830,609,388
2040,Melbourne (CBD),107436,3007,2539,1926,9373,21268,18199,11982,8053,6451,5683,4609,3536,2690,2283,2044,1672,1201,920,52122,1511,1266,921,4121,9659,8816,6177,4259,3335,2792,2223,1705,1338,1134,1001,804,556,504,55315,1496,1274,1005,5252,11610,9383,5805,3794,3116,2892,2386,1831,1351,1149,1043,868,645,415
2041,Melbourne (CBD),109767,3053,2576,1967,9565,21644,18520,12181,8168,6542,5805,4760,3684,2806,2376,2127,1745,1272,978,53246,1534,1284,940,4205,9829,8971,6277,4320,3384,2851,2296,1776,1396,1182,1039,839,587,536,56523,1519,1292,1027,5360,11815,9549,5903,3848,3158,2955,2464,1908,1410,1195,1088,906,685,441
2016,Melbourne (Remainder),1760,53,31,17,62,126,169,193,109,118,71,84,75,93,128,99,91,61,179,802,22,9,9,28,58,83,91,65,53,34,35,36,41,65,56,33,23,61,957,31,22,8,34,68,86,102,45,66,37,48,39,52,63,44,57,38,117
2017,Melbourne (Remainder),2325,75,46,32,113,204,261,252,150,149,83,101,111,128,130,131,95,72,192,1052,27,18,15,51,97,129,120,79,67,35,38,53,54,70,67,35,30,67,1275,48,27,17,62,107,133,132,71,82,48,63,59,73,60,64,60,43,126
2018,Melbourne (Remainder),2701,108,63,44,87,190,260,258,200,164,140,108,138,159,162,164,147,75,204,1176,45,20,18,41,90,128,126,97,74,58,42,50,72,71,82,63,27,72,1478,61,34,27,60,119,150,146,95,91,63,68,80,86,75,81,70,41,131
2019,Melbourne (Remainder),2680,103,60,42,99,218,283,279,191,167,119,109,134,152,148,170,124,75,201,1183,44,21,17,43,96,134,130,96,75,54,44,53,67,66,85,59,27,72,1483,58,35,22,72,129,163,147,91,90,62,69,75,81,73,79,61,45,131
2020,Melbourne (Remainder),2676,106,62,42,92,202,272,267,197,163,131,109,140,152,151,175,134,77,202,1193,42,21,17,48,103,140,135,96,77,49,42,54,66,69,82,52,27,73,1484,61,40,26,50,115,143,144,96,90,71,68,80,86,79,88,72,47,128
2021,Melbourne (Remainder),2673,101,55,44,114,231,295,284,186,168,106,110,139,152,141,167,113,68,206,1200,40,21,17,54,112,145,137,92,77,43,42,59,66,65,85,43,27,75,1491,63,41,25,48,106,138,136,101,88,78,65,87,85,85,90,75,50,130
2022,Melbourne (Remainder),2670,95,55,40,135,249,316,290,184,159,104,116,130,146,144,159,100,73,204,1217,37,20,18,64,120,154,143,92,69,42,47,55,65,70,80,39,29,73,1497,63,42,26,46,100,132,131,103,90,82,66,88,88,91,83,85,49,132
2023,Melbourne (Remainder),2893,120,69,50,102,212,286,276,216,178,145,124,149,170,171,175,163,78,209,1254,46,29,21,39,62,96,103,93,92,81,72,67,75,80,88,76,50,84,1621,70,45,30,54,110,146,141,110,99,87,77,93,97,92,94,92,48,136
2024,Melbourne (Remainder),2901,120,72,49,99,199,276,271,214,184,153,127,146,177,176,174,169,86,208,1255,47,29,21,39,62,98,105,96,93,81,70,66,73,80,89,74,49,83,1628,70,47,29,53,104,139,138,110,103,88,78,92,101,97,96,95,53,135
2025,Melbourne (Remainder),2974,111,82,59,84,137,200,212,191,205,190,176,172,184,188,210,185,124,247,1255,47,29,21,39,62,97,104,94,93,81,71,66,74,81,89,74,48,85,1675,72,49,33,53,103,140,139,112,108,90,85,94,103,99,100,101,55,139
2026,Melbourne (Remainder),2971,112,83,59,84,138,202,214,194,207,190,173,172,181,189,208,185,122,244,1257,48,29,21,39,63,99,107,97,94,80,68,66,71,80,91,74,47,83,1678,71,51,33,50,98,134,136,109,112,90,90,92,107,99,105,103,57,141
2027,Melbourne (Remainder),2968,117,83,58,84,142,212,226,204,208,187,162,168,175,192,205,183,118,234,1259,48,29,21,39,63,101,109,99,94,80,67,63,71,82,90,74,48,81,1682,70,53,34,47,88,123,128,108,114,97,93,97,107,105,108,102,67,141
2028,Melbourne (Remainder),2965,110,82,59,84,137,199,210,189,203,190,178,173,187,187,209,188,127,247,1262,49,29,21,39,65,103,111,101,94,78,66,63,70,81,91,72,49,80,1682,71,53,34,48,93,128,132,108,114,93,93,93,108,102,109,97,64,142
2029,Melbourne (Remainder),2963,115,83,59,84,140,208,221,201,208,189,166,168,177,192,206,184,120,238,1265,50,29,21,40,66,106,113,102,94,77,65,61,71,83,88,70,50,79,1689,70,54,35,46,85,119,124,107,115,100,94,97,107,107,112,103,69,145
2030,Melbourne (Remainder),2961,114,83,59,84,139,204,218,197,208,190,169,171,178,190,210,186,119,241,1267,49,25,20,46,94,136,133,104,81,65,48,54,75,79,78,74,33,73,1694,70,54,36,46,82,115,120,107,115,103,95,101,106,108,112,105,72,147
2031,Melbourne (Remainder),2960,118,83,58,85,145,218,230,208,208,183,160,165,176,193,200,178,123,229,1268,50,29,21,40,68,110,116,104,93,75,65,59,71,83,88,71,48,77,1694,69,54,37,45,79,112,117,105,114,107,95,103,104,110,112,108,73,150
2032,Melbourne (Remainder),2960,120,83,57,86,150,225,237,210,208,178,159,160,177,190,200,176,120,225,1273,49,24,20,48,101,141,135,106,80,59,48,57,73,78,81,70,30,73,1698,68,54,37,45,78,109,115,104,114,109,96,105,105,111,114,111,69,154
2033,Melbourne (Remainder),2959,121,81,54,89,164,243,251,213,207,167,153,153,181,188,196,173,115,215,1274,50,29,21,41,72,114,120,104,93,72,64,57,71,85,88,69,49,75,1699,67,54,37,45,77,107,112,102,114,109,99,105,106,110,117,110,72,156
2034,Melbourne (Remainder),2959,120,82,56,87,157,234,244,212,207,172,158,154,178,193,200,172,118,220,1280,51,28,20,42,76,119,124,105,93,70,59,57,73,83,88,71,47,74,1702,66,54,38,45,76,105,111,100,114,109,101,106,107,109,119,112,72,158
2035,Melbourne (Remainder),2958,121,81,54,91,173,253,260,214,205,161,153,148,180,187,194,170,108,215,1286,51,28,20,43,81,124,128,105,91,68,60,55,71,85,85,73,44,74,1705,65,53,38,45,75,103,108,97,113,109,105,106,110,107,121,111,76,163
2036,Melbourne (Remainder),2959,122,79,54,95,184,264,267,215,200,157,147,149,181,180,186,177,99,215,1292,51,28,21,44,86,130,132,105,88,67,57,57,74,81,81,75,42,73,1705,65,54,38,45,76,104,109,98,113,110,103,106,109,109,119,112,74,161
2037,Melbourne (Remainder),2959,123,76,53,99,196,276,274,218,194,157,139,150,177,179,183,173,93,213,1298,51,27,21,46,93,136,135,106,87,67,53,55,73,80,83,72,39,74,1705,64,53,38,45,75,103,107,96,112,109,106,107,111,107,121,112,77,162
2038,Melbourne (Remainder),3242,128,89,66,105,170,242,236,211,217,200,191,190,198,198,220,194,131,256,1383,54,33,25,48,78,117,116,104,98,85,77,73,79,85,93,77,54,87,1859,75,56,41,56,92,125,121,108,120,115,114,116,118,113,126,117,77,169
2039,Melbourne (Remainder),3517,144,99,72,120,198,279,267,231,235,210,203,206,213,209,229,203,135,263,1507,60,37,28,56,91,136,130,113,105,90,81,80,87,90,97,80,56,90,2009,84,61,44,64,107,143,137,118,130,120,123,126,127,119,131,123,79,173
2040,Melbourne (Remainder),3788,159,110,77,133,223,310,300,248,255,222,216,224,228,223,240,210,139,273,1631,66,42,31,63,102,152,147,122,113,95,85,87,93,96,104,81,58,94,2156,93,68,46,70,121,158,154,127,142,126,131,136,135,126,137,128,80,178
2041,Melbourne (Remainder),4042,172,121,81,143,242,336,331,266,275,233,227,240,242,237,252,220,142,281,1743,71,46,33,68,111,165,162,130,121,101,88,94,99,102,110,84,60,98,2297,101,75,48,75,131,171,170,136,154,132,138,146,143,135,142,136,81,183
2016,North Melbourne,16197,650,538,475,1195,3227,2824,1725,1107,899,712,638,557,502,422,269,198,152,107,7860,324,284,245,534,1422,1433,870,589,428,355,304,267,253,210,129,90,76,47,8337,326,254,230,661,1805,1391,855,518,471,357,334,290,249,212,140,108,76,60
2017,North Melbourne,16763,668,577,525,1244,3239,2976,1781,1151,926,751,643,574,502,434,289,218,142,123,8098,337,306,257,563,1438,1485,919,602,440,350,306,281,235,204,151,98,69,57,8664,331,271,267,681,1801,1492,862,548,486,401,337,293,267,230,138,120,73,66
2018,North Melbourne,17399,720,607,543,1302,3191,3101,1910,1215,944,798,679,604,516,451,312,234,137,136,8436,364,319,261,588,1441,1529,991,643,449,378,325,307,225,221,163,105,63,64,8963,356,288,282,714,1750,1571,919,572,494,420,354,298,291,230,149,130,74,71
2019,North Melbourne,18100,755,616,555,1469,3251,3179,2021,1260,973,842,689,628,522,482,333,239,142,144,8793,375,324,268,669,1489,1582,1043,657,471,394,335,318,225,233,171,109,63,67,9304,379,292,287,800,1761,1597,978,603,502,447,355,310,298,248,161,130,79,77
2020,North Melbourne,19631,800,647,597,1751,3608,3394,2190,1339,1043,897,733,671,533,507,367,236,151,166,9550,397,330,294,792,1678,1695,1136,689,514,421,368,330,229,242,184,108,65,78,10080,402,317,303,959,1930,1699,1053,650,529,476,365,342,305,265,183,128,86,88
2021,North Melbourne,19772,832,664,611,1714,3525,3326,2238,1381,1063,943,752,693,554,509,408,231,162,166,9626,414,332,305,768,1648,1666,1155,713,537,446,372,332,242,245,200,104,66,81,10145,418,332,305,946,1878,1659,1083,668,526,497,380,361,312,264,208,127,95,86
2022,North Melbourne,19933,878,665,630,1707,3423,3262,2285,1414,1091,972,799,705,579,516,420,249,174,165,9700,434,333,315,760,1599,1639,1174,738,552,462,386,340,264,237,196,120,70,81,10232,443,332,314,947,1824,1624,1111,676,538,510,413,365,315,279,224,129,104,84
2023,North Melbourne,20569,930,701,651,1722,3457,3310,2366,1504,1151,1005,846,739,597,530,436,269,185,171,10022,460,349,325,769,1616,1673,1211,785,586,480,410,358,275,232,208,129,73,83,10549,470,352,326,953,1841,1637,1155,720,565,525,435,380,322,299,228,140,112,89
2024,North Melbourne,20878,973,738,659,1697,3401,3286,2395,1571,1199,1043,887,754,619,540,464,286,190,176,10173,482,364,330,761,1586,1664,1231,818,606,503,426,369,285,234,219,135,76,84,10702,491,374,329,936,1815,1621,1164,753,593,540,460,385,333,306,246,151,113,92
2025,North Melbourne,21553,1011,767,671,1791,3487,3290,2414,1626,1247,1093,922,780,644,545,488,315,199,262,10491,500,379,331,813,1628,1669,1241,848,626,531,443,389,293,235,228,145,80,112,11062,511,389,340,978,1858,1622,1173,778,621,562,479,391,351,310,260,170,119,150
2026,North Melbourne,22504,1052,807,692,1939,3674,3345,2439,1687,1309,1137,970,805,666,567,501,352,210,351,10951,518,398,338,892,1722,1701,1256,878,657,561,469,397,299,247,236,157,84,141,11553,534,408,354,1047,1952,1644,1184,809,651,576,501,408,368,320,265,195,127,210
2027,North Melbourne,22985,1093,852,702,1956,3678,3363,2460,1746,1366,1186,1006,846,679,591,513,366,222,361,11194,537,419,343,903,1726,1715,1269,907,691,586,488,411,307,265,232,158,92,145,11793,556,433,359,1053,1952,1648,1191,839,675,600,518,436,373,326,280,208,130,216
2028,North Melbourne,23550,1136,893,723,1955,3662,3384,2480,1797,1436,1245,1037,881,703,606,532,386,246,448,11467,557,439,352,905,1723,1730,1284,931,727,617,505,427,320,275,232,169,101,173,12086,579,454,371,1051,1940,1654,1196,866,709,628,532,454,383,332,300,217,145,275
2029,North Melbourne,24321,1185,938,750,2037,3789,3439,2513,1848,1509,1305,1079,917,719,626,545,410,258,456,11854,579,460,363,950,1791,1761,1303,959,765,645,529,441,330,284,236,177,104,177,12466,605,477,387,1087,1998,1677,1209,889,744,660,551,476,389,342,309,232,155,279
2030,North Melbourne,25472,1256,990,780,2162,4011,3571,2586,1921,1595,1381,1138,955,745,652,558,428,275,466,12436,612,485,378,1013,1909,1835,1344,997,810,679,561,458,348,292,241,183,109,182,13032,643,505,402,1149,2102,1736,1242,924,784,701,577,497,397,360,317,245,167,284
2031,North Melbourne,26582,1330,1046,818,2221,4150,3730,2688,1997,1687,1465,1196,1004,773,676,584,438,299,479,12999,648,510,397,1040,1983,1924,1401,1037,857,722,596,481,359,299,255,188,115,187,13583,682,536,421,1181,2166,1806,1288,959,830,744,600,523,414,377,330,250,184,292
2032,North Melbourne,28105,1415,1110,865,2321,4418,3981,2840,2092,1793,1559,1264,1050,816,697,613,455,315,504,13774,686,540,419,1091,2123,2064,1483,1088,911,772,631,503,375,309,273,189,118,199,14331,729,570,446,1230,2295,1917,1357,1004,882,787,633,547,440,388,339,266,196,305
2033,North Melbourne,29602,1502,1176,908,2419,4655,4224,3002,2186,1892,1659,1340,1094,854,727,634,477,328,526,14534,726,570,440,1141,2244,2200,1570,1139,961,823,671,523,394,323,285,192,124,208,15067,777,605,468,1278,2410,2025,1431,1047,931,837,669,571,460,404,349,284,203,318
2034,North Melbourne,31009,1594,1242,955,2471,4808,4466,3177,2285,1991,1761,1417,1146,893,751,660,498,347,548,15245,768,600,461,1167,2323,2333,1666,1191,1014,874,710,548,411,335,297,200,130,217,15762,826,641,493,1304,2485,2133,1511,1094,978,886,707,598,482,416,363,297,217,331
2035,North Melbourne,32594,1692,1310,1004,2530,4967,4714,3363,2397,2093,1862,1499,1207,933,782,693,523,375,649,16034,814,632,484,1197,2403,2470,1768,1250,1067,926,750,578,429,353,310,211,140,252,16564,878,679,520,1334,2565,2245,1596,1147,1026,936,749,629,503,430,383,312,235,397
2036,North Melbourne,34365,1798,1381,1056,2633,5191,4981,3561,2521,2195,1966,1588,1266,980,814,727,555,398,753,16908,864,664,508,1248,2514,2615,1875,1315,1120,978,796,609,452,365,323,226,149,287,17455,935,717,548,1385,2676,2366,1686,1205,1075,988,792,657,528,449,404,329,249,466
2037,North Melbourne,36050,1907,1454,1110,2733,5407,5242,3763,2651,2298,2073,1677,1331,1024,856,752,581,415,775,17756,915,697,533,1297,2623,2756,1985,1384,1174,1031,844,639,473,381,335,240,152,297,18290,992,757,577,1436,2784,2485,1777,1267,1123,1042,834,691,551,475,417,341,263,478
2038,North Melbourne,37816,2019,1531,1166,2801,5587,5503,3973,2791,2404,2179,1775,1401,1068,895,791,609,447,874,18633,968,732,559,1330,2713,2897,2099,1459,1231,1084,894,674,494,399,354,253,161,332,19185,1051,799,607,1471,2874,2606,1873,1333,1174,1096,881,728,574,497,437,356,286,542
2039,North Melbourne,39542,2135,1611,1225,2878,5774,5765,4186,2939,2516,2287,1874,1475,1119,937,821,636,466,898,19499,1023,769,586,1367,2805,3038,2215,1537,1289,1139,945,708,519,416,369,264,168,342,20044,1112,843,639,1511,2969,2727,1971,1402,1227,1149,929,767,600,521,451,372,298,556
2040,North Melbourne,41424,2253,1695,1284,3007,6036,6032,4399,3089,2632,2396,1973,1551,1175,978,855,665,484,920,20447,1079,807,613,1430,2936,3181,2331,1617,1350,1193,996,744,546,434,388,275,175,352,20979,1173,888,671,1577,3100,2851,2069,1472,1282,1203,977,808,629,545,467,390,309,568
2041,North Melbourne,43303,2369,1780,1344,3131,6292,6292,4610,3241,2752,2503,2073,1631,1229,1025,890,694,506,941,21391,1134,847,641,1491,3063,3320,2444,1698,1413,1248,1046,782,574,455,403,286,184,362,21911,1234,933,703,1640,3229,2972,2166,1543,1339,1256,1026,849,655,570,487,408,322,579
2016,Parkville,7898,268,131,117,1293,1868,1134,667,362,223,212,244,195,231,205,167,126,134,321,3718,135,68,54,545,910,570,351,178,108,117,118,91,107,100,79,57,45,85,4180,133,63,63,748,958,564,316,184,115,95,126,104,124,105,88,69,89,236
2017,Parkville,8106,279,139,133,1292,1849,1197,704,398,241,202,253,209,237,199,178,135,135,325,3812,136,74,62,548,890,604,359,208,118,110,124,100,108,98,82,60,43,88,4296,144,65,71,744,959,593,345,190,123,92,130,109,128,101,96,76,92,238
2018,Parkville,8299,288,162,137,1316,1849,1223,740,416,260,204,240,228,241,196,189,141,140,329,3909,144,82,65,560,892,617,373,223,125,115,112,108,112,100,87,59,46,89,4392,144,80,73,755,957,606,366,194,135,89,128,120,129,97,103,82,94,240
2019,Parkville,8930,308,174,149,1480,2021,1308,799,449,271,212,239,249,229,219,188,157,142,336,4212,157,87,72,642,973,656,409,231,137,114,112,118,105,111,84,66,47,91,4714,151,88,76,839,1047,652,390,217,134,98,126,131,123,108,104,90,95,245
2020,Parkville,8955,312,184,152,1478,1990,1278,826,455,285,213,236,254,234,229,179,158,151,342,4229,162,89,77,640,958,641,421,238,145,113,110,123,108,118,78,63,52,93,4728,150,95,75,838,1032,637,405,217,140,100,126,131,126,111,102,95,99,249
2021,Parkville,9194,314,195,156,1604,2051,1259,828,465,302,204,245,255,239,229,178,166,154,350,4344,163,97,76,705,983,631,422,247,148,109,120,119,113,117,78,66,53,97,4852,151,98,80,899,1068,628,407,219,154,95,125,136,126,112,100,100,101,253
2022,Parkville,9275,323,200,159,1633,2053,1239,828,475,318,213,236,258,246,233,173,173,159,355,4379,167,96,78,720,985,620,422,247,161,114,114,122,118,118,77,68,54,98,4897,156,103,81,913,1068,619,406,228,157,100,122,137,128,115,97,105,105,257
2023,Parkville,9304,328,205,172,1638,2027,1214,824,487,329,226,236,249,256,237,172,180,163,363,4394,170,101,83,721,973,608,420,252,169,118,117,114,122,121,79,70,54,102,4909,158,104,89,917,1054,606,404,235,160,108,119,135,134,115,93,109,108,261
2024,Parkville,9314,334,213,176,1633,1997,1190,818,498,344,232,239,245,265,226,188,176,171,369,4397,173,106,84,719,958,596,417,259,174,124,115,113,127,115,87,68,58,104,4917,161,107,92,914,1038,594,401,239,170,108,124,132,139,111,101,108,113,265
2025,Parkville,9325,338,220,183,1629,1968,1168,806,513,354,245,242,244,269,230,196,170,171,379,4402,175,111,86,718,944,584,411,266,180,131,116,112,130,118,92,64,56,108,4923,163,109,97,911,1024,583,395,247,174,113,127,132,139,113,104,106,115,271
2026,Parkville,9509,350,229,194,1644,1992,1185,810,527,370,265,244,255,273,236,200,170,176,389,4490,181,116,93,722,956,592,415,272,190,138,116,121,129,122,92,65,58,112,5019,169,114,101,921,1036,593,395,255,180,127,128,134,144,114,107,106,118,277
2027,Parkville,9809,369,247,205,1665,2042,1228,828,549,391,287,260,257,281,243,207,170,182,398,4640,190,125,96,734,981,613,425,283,199,152,124,121,135,127,95,65,60,115,5172,179,122,109,932,1061,615,403,266,192,135,136,137,147,116,112,105,122,283
2028,Parkville,9818,373,256,209,1657,2000,1212,821,554,405,300,272,259,278,251,210,170,185,406,4647,192,130,99,730,962,605,422,286,205,160,129,123,131,131,97,66,61,118,5173,181,127,110,927,1038,607,399,268,200,140,144,136,147,121,113,103,124,288
2029,Parkville,9829,376,267,214,1649,1963,1193,812,559,419,316,280,263,277,259,204,182,183,416,4655,193,135,102,728,947,596,416,289,212,166,135,123,131,134,94,72,60,122,5174,182,132,112,921,1015,597,395,270,207,150,145,140,146,125,110,110,123,294
2030,Parkville,10072,392,282,225,1667,1992,1220,824,574,443,335,297,272,281,265,210,189,179,425,4782,201,143,109,737,966,609,423,297,224,177,143,126,133,139,97,76,58,124,5290,190,140,116,930,1026,611,401,278,219,158,154,146,148,126,113,113,121,300
2031,Parkville,10193,392,292,229,1706,2022,1204,819,574,453,348,310,273,287,268,214,191,178,433,4844,201,147,111,756,983,601,420,297,229,184,148,126,138,139,101,76,59,128,5347,190,144,118,950,1039,603,399,276,225,163,162,146,149,129,114,115,120,305
2032,Parkville,10308,390,298,236,1745,2060,1184,814,571,462,359,322,280,285,272,219,194,176,441,4902,201,151,114,774,1004,592,417,296,233,188,156,130,136,141,104,77,58,130,5408,189,148,122,971,1056,593,397,275,230,171,166,150,149,131,115,117,118,310
2033,Parkville,10400,387,303,241,1780,2091,1166,807,568,468,369,330,288,286,270,226,196,175,448,4948,199,153,117,791,1019,584,413,295,235,192,161,133,138,139,107,79,60,133,5452,188,150,124,989,1072,582,394,273,232,177,170,155,148,131,119,117,116,315
2034,Parkville,10510,382,306,247,1824,2139,1149,798,563,472,379,340,293,288,270,232,191,183,453,5002,197,155,120,812,1043,576,408,293,238,197,164,137,137,140,110,77,63,135,5510,185,152,127,1013,1096,572,390,270,234,182,176,156,151,131,122,115,120,318
2035,Parkville,10619,379,307,253,1869,2192,1134,789,557,473,388,347,300,290,272,235,193,186,456,5057,195,155,122,833,1068,570,404,290,239,201,169,141,138,140,113,78,65,136,5566,184,152,130,1036,1124,564,386,268,234,187,179,159,153,132,122,115,121,320
2036,Parkville,10728,375,305,257,1914,2248,1123,780,553,471,393,354,307,289,276,238,195,186,462,5108,193,154,125,854,1096,565,399,287,238,203,173,143,137,144,113,80,65,139,5620,182,151,133,1060,1153,557,381,266,233,190,182,164,152,132,125,115,121,323
2037,Parkville,10838,372,303,261,1961,2306,1114,770,549,469,397,361,314,293,275,241,198,187,466,5161,191,153,126,876,1124,562,394,285,237,205,174,148,139,143,115,82,66,141,5678,180,150,134,1085,1182,553,376,264,232,193,186,167,154,132,126,116,122,326
2038,Parkville,10916,368,300,263,1998,2349,1106,760,544,466,400,366,319,298,276,240,202,188,472,5198,189,151,127,893,1144,558,389,283,236,206,177,151,141,144,114,84,67,144,5721,178,149,136,1105,1206,548,371,262,230,194,190,168,157,132,127,118,121,329
2039,Parkville,10994,364,297,264,2036,2394,1100,750,539,463,401,372,325,300,278,241,205,184,482,5235,188,150,128,910,1164,556,384,280,234,207,179,153,143,144,115,86,66,148,5761,177,147,136,1126,1230,544,366,259,228,195,192,172,157,134,126,120,118,334
2040,Parkville,11073,361,294,263,2074,2440,1095,742,534,458,401,377,329,304,279,242,207,184,488,5268,186,149,127,928,1185,554,380,277,232,207,181,155,145,144,115,87,66,150,5805,175,146,136,1146,1255,541,362,257,226,195,195,174,159,135,127,120,118,338
2041,Parkville,11153,358,292,262,2112,2486,1092,735,529,456,399,379,333,309,279,246,208,185,494,5306,184,147,127,945,1206,553,377,274,231,206,182,158,147,144,118,87,68,152,5845,174,144,135,1167,1280,539,358,254,225,193,197,175,162,135,128,121,117,341
2016,Port Melbourne,10,0,0,0,0,0,4,0,6,0,0,0,0,0,0,0,0,0,0,8,0,0,0,0,0,2,0,6,0,0,0,0,0,0,0,0,0,0,2,0,0,0,0,0,2,0,0,0,0,0,0,0,0,0,0,0,0
2017,Port Melbourne,10,0,0,0,0,0,4,0,6,0,0,0,0,0,0,0,0,0,0,8,0,0,0,0,0,2,0,6,0,0,0,0,0,0,0,0,0,0,2,0,0,0,0,0,2,0,0,0,0,0,0,0,0,0,0,0,0
2018,Port Melbourne,10,0,0,0,0,0,4,0,6,0,0,0,0,0,0,0,0,0,0,8,0,0,0,0,0,2,0,6,0,0,0,0,0,0,0,0,0,0,2,0,0,0,0,0,2,0,0,0,0,0,0,0,0,0,0,0,0
2019,Port Melbourne,10,0,0,0,0,0,4,0,6,0,0,0,0,0,0,0,0,0,0,8,0,0,0,0,0,2,0,6,0,0,0,0,0,0,0,0,0,0,2,0,0,0,0,0,2,0,0,0,0,0,0,0,0,0,0,0,0
2020,Port Melbourne,10,0,0,0,0,0,4,0,6,0,0,0,0,0,0,0,0,0,0,8,0,0,0,0,0,2,0,6,0,0,0,0,0,0,0,0,0,0,2,0,0,0,0,0,2,0,0,0,0,0,0,0,0,0,0,0,0
2021,Port Melbourne,13,0,0,0,0,1,5,0,6,0,0,0,0,0,0,0,0,0,0,8,0,0,0,0,0,2,0,6,0,0,0,0,0,0,0,0,0,0,2,0,0,0,0,0,2,0,0,0,0,0,0,0,0,0,0,0,0
2022,Port Melbourne,635,12,3,6,64,155,155,83,52,20,15,15,11,12,7,6,9,6,6,326,7,1,3,28,75,78,45,36,11,7,7,5,7,3,3,4,4,2,307,5,1,3,35,79,77,38,16,10,7,8,6,5,3,3,6,2,3
2023,Port Melbourne,1084,29,6,10,90,248,261,152,91,38,28,28,20,23,13,11,17,9,11,557,16,3,5,40,120,131,81,61,20,14,14,10,14,6,5,7,5,5,528,13,3,5,50,128,130,71,30,18,14,14,11,9,7,5,11,4,5
2024,Port Melbourne,1567,49,11,14,112,335,371,230,135,62,45,42,32,36,21,17,25,15,16,807,27,5,6,50,162,186,122,88,34,23,21,15,22,10,9,9,9,9,762,23,6,7,62,173,185,108,47,28,22,21,17,15,11,8,16,6,7
2025,Port Melbourne,2353,82,20,21,159,476,548,346,205,104,71,66,51,56,33,27,39,24,24,1210,44,10,10,71,230,275,183,130,59,37,32,24,34,16,14,14,14,13,1143,38,10,11,88,246,273,163,75,45,35,34,27,23,17,13,24,10,11
2026,Port Melbourne,3067,119,33,27,188,578,700,459,277,148,100,90,71,77,46,37,52,33,32,1580,64,16,13,85,279,351,242,173,85,51,44,34,46,22,19,20,18,18,1488,55,16,15,104,299,349,217,104,63,49,46,37,31,24,18,32,15,14
2027,Port Melbourne,3703,157,47,33,205,645,823,562,346,195,130,114,92,95,62,48,63,44,40,1907,83,24,15,92,311,413,296,213,114,66,56,44,56,30,25,24,22,23,1795,74,24,18,113,334,410,266,133,81,64,58,48,39,32,24,39,21,17
2028,Port Melbourne,4434,199,68,41,229,719,958,674,426,252,166,143,116,117,80,62,77,56,48,2288,105,34,19,104,347,481,354,258,149,85,70,56,69,40,31,30,28,28,2147,94,34,22,126,372,478,320,168,103,81,73,60,48,41,31,47,29,20
2029,Port Melbourne,4960,235,91,48,233,737,1035,759,493,304,200,168,138,136,98,74,88,67,56,2563,124,46,22,106,356,519,397,295,180,103,83,67,79,49,37,35,32,33,2399,112,45,26,128,381,516,362,198,124,97,86,71,57,49,37,53,35,22
2030,Port Melbourne,5665,277,118,58,255,788,1144,858,576,365,245,200,164,158,119,90,103,80,65,2927,145,60,27,116,382,573,449,341,216,127,99,79,91,61,44,41,37,39,2737,132,58,31,139,406,571,409,235,150,118,102,85,67,58,45,61,43,27
2031,Port Melbourne,6525,322,149,73,291,869,1283,975,672,436,295,239,194,185,143,108,121,94,77,3374,168,76,34,133,423,643,510,396,256,154,117,94,106,74,53,49,43,45,3153,154,74,38,158,447,640,465,276,180,141,121,101,79,69,55,72,51,32
2032,Port Melbourne,7456,367,184,89,329,964,1431,1101,772,509,352,281,227,216,167,129,141,109,90,3856,192,93,42,150,470,717,576,454,297,185,138,109,123,87,64,58,49,52,3601,175,91,46,179,494,714,525,318,212,167,143,118,93,80,66,83,59,38
2033,Port Melbourne,8377,411,218,107,361,1052,1570,1227,869,585,412,324,261,247,193,151,162,124,104,4332,214,110,51,165,513,786,641,509,340,219,160,126,140,100,75,67,56,60,4045,196,107,56,197,539,783,586,360,245,193,165,135,107,92,77,95,68,44
2034,Port Melbourne,9498,461,254,129,409,1178,1751,1374,982,673,480,376,301,284,221,177,186,142,119,4910,240,128,62,186,575,877,718,574,390,256,186,145,161,115,87,77,65,68,4585,220,126,67,222,603,873,656,408,283,224,191,156,123,106,89,110,77,51
2035,Port Melbourne,10536,509,290,152,444,1278,1905,1513,1087,759,547,430,342,321,250,203,211,160,135,5448,265,147,73,202,624,955,790,634,439,292,213,165,181,130,101,87,73,77,5089,243,144,79,242,654,950,723,453,320,255,217,177,140,121,102,124,87,58
2036,Port Melbourne,11543,555,326,176,476,1367,2046,1647,1189,845,616,484,384,358,281,230,235,180,150,5969,289,164,85,217,667,1026,860,691,489,329,241,185,201,146,116,97,81,85,5577,265,161,91,259,700,1020,787,498,357,287,243,199,157,136,115,138,99,65
2037,Port Melbourne,12548,600,360,202,508,1452,2183,1776,1291,933,684,540,428,395,314,257,260,201,165,6488,313,182,98,232,709,1094,926,748,540,365,270,206,221,163,129,109,90,93,6061,287,178,104,277,743,1088,850,543,393,319,270,222,174,151,128,152,111,71
2038,Port Melbourne,13550,644,394,227,542,1535,2315,1902,1393,1018,754,598,473,433,347,285,287,222,180,7003,335,199,110,247,749,1161,991,805,589,402,301,228,242,180,143,120,99,102,6546,309,195,117,295,786,1154,911,588,429,352,298,245,191,167,142,166,123,78
2039,Port Melbourne,14550,687,428,253,576,1615,2444,2024,1494,1102,826,658,520,472,383,313,314,244,196,7520,358,216,123,263,788,1226,1054,862,637,441,331,251,263,199,157,132,108,111,7032,330,212,131,314,828,1218,970,632,465,385,326,269,210,184,156,181,136,85
2040,Port Melbourne,15547,730,461,279,611,1695,2570,2142,1594,1185,898,718,568,513,419,343,342,267,213,8034,380,233,135,279,827,1289,1116,917,685,480,362,275,284,218,171,146,117,120,7515,350,228,144,333,869,1281,1027,677,501,418,356,293,228,201,171,196,149,93
2041,Port Melbourne,16541,771,493,305,647,1774,2695,2258,1693,1267,970,779,617,554,455,373,370,289,230,8547,401,249,148,295,865,1352,1176,972,731,519,394,299,306,237,187,159,127,130,7994,370,244,157,352,909,1343,1082,720,536,451,385,318,248,218,186,211,163,101
2016,South Yarra,4700,159,122,119,258,386,738,640,355,251,269,242,240,234,223,208,127,66,65,2228,84,66,52,124,160,320,316,168,136,120,118,109,115,106,101,79,25,29,2473,75,56,67,135,225,418,323,187,115,149,124,131,119,117,107,48,41,36
2017,South Yarra,4815,164,123,119,276,417,740,652,360,254,280,252,228,240,214,225,129,77,64,2259,88,58,55,134,155,288,283,199,138,109,122,123,113,110,100,95,54,35,2540,81,62,64,139,240,417,339,187,124,147,133,128,121,109,119,48,46,36
2018,South Yarra,4881,182,119,126,273,402,684,628,411,258,234,273,249,239,225,206,174,96,67,2263,86,56,56,134,166,296,291,204,125,106,130,122,102,116,96,92,55,30,2566,94,61,65,140,236,404,332,197,130,144,136,128,133,92,130,63,39,42
2019,South Yarra,4846,187,122,126,270,392,677,618,413,259,235,278,255,229,228,199,186,99,73,2264,87,55,57,134,161,294,285,205,130,110,125,121,110,109,104,90,54,33,2575,99,57,68,141,236,395,330,201,133,138,139,128,131,104,117,77,40,41
2020,South Yarra,4848,177,118,126,272,415,713,627,396,261,263,258,244,245,202,240,142,80,69,2265,90,59,56,133,151,285,280,201,143,110,117,127,118,108,100,92,56,39,2579,99,62,66,140,233,385,333,205,135,124,151,128,129,112,109,85,43,40
2021,South Yarra,4846,181,115,128,274,409,698,626,402,260,248,267,252,239,213,222,159,90,66,2268,84,56,59,133,169,298,295,207,123,111,123,121,110,113,97,89,53,27,2581,95,58,66,143,237,425,337,188,134,143,131,130,129,97,134,49,43,42
2022,South Yarra,4847,191,132,125,269,370,659,603,408,279,244,269,258,239,233,191,198,108,77,2268,91,62,55,132,147,281,278,202,148,109,119,124,117,109,104,88,61,41,2583,101,66,70,136,226,381,327,209,134,129,148,133,127,112,103,94,44,43
2023,South Yarra,4854,189,128,125,270,382,669,611,414,265,245,270,252,237,228,198,195,100,77,2275,82,58,60,133,173,303,296,202,128,110,128,123,108,109,105,82,50,25,2591,102,73,68,135,222,375,326,209,135,135,146,132,127,118,94,105,45,44
2024,South Yarra,4853,194,138,124,270,363,653,596,411,288,247,261,265,245,229,200,185,121,80,2275,84,61,55,137,176,322,312,174,130,133,120,100,120,105,106,81,31,28,2592,103,74,70,135,216,371,319,209,141,134,147,135,126,123,90,102,55,42
2025,South Yarra,4871,175,119,125,279,424,739,653,373,268,267,250,241,240,213,237,129,78,71,2277,93,64,56,130,144,278,276,203,150,112,117,130,118,104,106,88,64,44,2607,105,79,68,137,213,369,316,210,145,138,144,138,126,121,100,93,64,41
2026,South Yarra,4890,197,142,126,268,355,647,590,415,298,251,254,271,244,229,210,175,132,84,2280,83,57,61,132,178,309,295,199,131,119,122,116,112,110,110,79,41,26,2621,106,80,71,137,209,366,312,213,150,142,136,146,126,120,107,87,70,43
2027,South Yarra,4909,200,148,129,267,348,639,586,415,305,255,257,275,248,222,214,171,141,89,2283,94,67,55,130,142,274,274,202,152,117,120,127,117,110,102,93,62,45,2633,108,83,73,137,204,361,310,212,155,143,140,145,130,118,108,84,77,45
2028,South Yarra,4925,203,152,133,265,341,630,581,416,310,263,264,270,246,228,215,171,147,90,2291,95,69,57,129,141,270,271,203,152,123,120,125,119,112,103,91,66,45,2645,109,86,78,134,199,357,307,214,158,146,145,143,129,118,113,78,85,46
2029,South Yarra,4945,205,157,136,264,335,622,576,416,312,274,265,270,250,231,219,167,149,94,2301,81,62,59,136,187,313,316,185,134,124,119,111,111,116,103,80,34,30,2651,110,88,79,135,194,352,305,213,160,151,145,145,131,118,117,75,83,50
2030,South Yarra,4965,208,162,140,264,329,615,571,417,318,283,269,265,255,235,217,175,141,102,2304,97,72,58,129,139,267,268,203,155,128,121,123,122,117,101,92,64,48,2661,111,90,82,134,190,347,303,213,163,156,148,143,133,118,116,83,77,54
2031,South Yarra,4983,209,166,143,265,325,608,567,416,325,293,273,261,258,234,217,183,135,108,2313,97,74,60,129,138,265,266,203,158,133,121,124,120,116,102,94,62,51,2669,112,92,83,136,187,342,301,213,167,160,151,137,138,118,115,88,73,56
2032,South Yarra,5002,209,170,147,266,322,602,563,415,328,299,276,263,261,237,213,186,134,113,2325,97,76,62,129,137,264,264,203,160,135,124,123,124,116,99,96,63,53,2679,112,94,85,137,185,339,299,212,168,164,152,140,137,121,114,89,71,60
2033,South Yarra,5022,208,173,150,267,321,598,560,413,330,304,281,268,257,236,218,187,134,115,2334,97,77,63,129,137,263,263,202,160,137,127,124,122,116,103,94,67,53,2690,112,96,86,139,184,336,297,211,170,167,154,144,136,120,114,94,68,62
2034,South Yarra,5039,207,175,152,269,320,596,557,411,331,306,289,269,257,240,220,191,132,116,2341,96,78,65,129,136,262,261,201,161,137,131,125,121,117,106,95,66,54,2696,111,97,88,139,183,334,295,210,170,169,158,144,137,122,114,96,67,62
2035,South Yarra,5053,207,176,155,270,318,593,554,409,332,310,295,271,254,243,224,190,138,114,2350,96,79,66,130,136,261,260,200,161,139,134,125,119,120,109,94,66,55,2704,111,97,89,140,182,332,294,210,170,171,161,146,136,123,115,96,72,59
2036,South Yarra,5068,206,177,158,271,318,591,551,408,331,314,301,274,251,246,224,191,144,113,2354,96,79,67,130,136,260,259,199,161,141,137,125,119,118,109,95,68,55,2710,110,97,90,141,182,331,292,209,170,173,164,148,132,127,115,96,76,57
2037,South Yarra,5082,205,176,160,272,318,590,550,406,331,316,305,276,252,248,227,189,148,114,2363,95,79,68,131,136,260,259,198,161,142,138,127,119,121,109,93,70,57,2720,110,97,91,141,183,330,291,208,170,174,167,149,134,127,117,95,78,58
2038,South Yarra,5095,204,176,161,274,318,589,548,404,330,317,308,279,256,246,226,193,150,115,2370,95,79,69,132,135,260,258,197,161,142,140,129,120,120,109,97,69,58,2724,109,97,92,142,183,329,290,207,169,175,168,150,136,126,117,96,81,57
2039,South Yarra,5109,204,176,162,275,318,589,547,403,329,318,309,284,256,247,230,195,153,115,2378,95,79,70,132,136,259,258,197,160,143,140,131,120,119,111,99,70,59,2733,109,97,93,143,183,329,289,206,169,175,169,153,136,127,119,96,83,57
2040,South Yarra,5123,203,175,163,276,319,588,546,402,328,318,312,288,258,245,233,198,153,118,2384,95,79,70,133,136,259,258,196,160,143,141,133,121,118,113,101,69,59,2739,109,97,93,143,183,329,288,206,168,175,171,155,137,126,120,97,83,59
2041,South Yarra,5137,203,175,163,277,319,589,546,401,327,318,314,292,260,243,235,199,155,122,2387,94,78,70,133,136,259,257,196,159,143,142,135,121,119,112,101,71,61,2749,109,97,93,144,183,329,288,205,168,175,172,157,139,124,123,98,84,61
2016,Southbank,20280,655,236,143,908,3480,4494,3566,1800,1032,785,775,722,561,531,293,166,69,67,10282,316,122,72,387,1646,2256,1868,1027,577,420,402,343,273,258,156,86,40,33,10003,339,114,71,522,1833,2238,1699,774,455,365,373,379,288,273,137,80,29,34
2017,Southbank,21890,708,270,176,975,3743,4759,3776,2045,1112,888,816,777,610,555,338,189,77,75,11067,342,138,88,425,1756,2390,1996,1137,615,466,427,377,289,267,172,99,47,36,10820,366,132,88,550,1987,2368,1780,908,497,422,389,400,321,288,166,90,30,38
2018,Southbank,24008,800,304,214,1147,4097,5150,4053,2266,1233,989,884,844,662,576,424,187,97,82,12110,385,158,107,502,1932,2585,2138,1242,681,524,457,403,317,274,212,93,58,42,11899,415,147,107,646,2165,2565,1914,1024,552,465,427,441,344,303,212,94,38,40
2019,Southbank,24801,859,345,234,1151,4060,5175,4166,2429,1349,1035,915,897,705,607,456,210,117,90,12493,413,178,113,507,1929,2593,2179,1324,740,549,474,438,323,290,221,108,67,47,12309,447,167,121,644,2131,2582,1987,1105,609,486,442,460,382,317,235,102,49,43
2020,Southbank,27010,930,383,266,1321,4438,5542,4474,2666,1512,1109,1002,963,761,648,510,237,144,102,13580,451,194,128,580,2110,2783,2339,1450,822,582,518,474,348,302,241,128,75,55,13432,480,189,138,741,2328,2759,2135,1217,690,527,484,489,413,346,269,109,70,48
2021,Southbank,29047,1005,444,300,1413,4703,5915,4756,2878,1670,1206,1095,1019,836,697,554,277,169,111,14582,487,221,148,620,2242,2964,2487,1552,917,629,563,495,384,324,260,144,85,60,14464,518,223,152,793,2461,2951,2268,1327,752,576,532,525,452,373,293,134,83,51
2022,Southbank,30248,1096,489,326,1388,4706,6069,4919,3030,1828,1285,1188,1067,889,750,584,319,191,125,15169,530,243,160,609,2241,3036,2571,1639,993,667,604,521,415,343,273,159,97,68,15081,566,245,166,779,2465,3033,2349,1391,835,618,584,547,474,407,312,160,94,56
2023,Southbank,32261,1190,555,361,1468,4925,6403,5181,3232,2000,1403,1294,1140,954,807,615,390,199,145,16156,576,274,178,642,2344,3205,2706,1745,1077,727,661,553,442,372,285,191,98,80,16102,614,281,182,826,2581,3198,2474,1486,923,675,633,587,513,434,330,199,101,65
2024,Southbank,34224,1292,627,402,1524,5099,6700,5425,3442,2185,1552,1387,1211,1025,871,660,428,225,168,17124,626,310,199,663,2425,3358,2833,1852,1171,802,707,588,481,391,308,205,113,92,17103,666,317,204,861,2674,3342,2592,1590,1015,750,680,624,544,480,352,223,112,77
2025,Southbank,36631,1413,711,445,1615,5352,7093,5722,3683,2400,1727,1495,1308,1097,934,710,479,252,195,18308,686,353,218,700,2543,3554,2992,1978,1283,887,756,635,519,420,326,225,130,103,18323,727,358,227,915,2809,3539,2731,1705,1117,840,738,673,578,514,384,254,122,92
2026,Southbank,38825,1532,797,500,1661,5510,7405,6007,3917,2606,1900,1615,1410,1161,1011,765,525,289,217,19386,744,395,244,719,2615,3710,3138,2102,1385,982,814,683,545,456,351,245,144,114,19436,788,402,256,942,2895,3694,2869,1814,1221,918,800,727,616,554,414,279,144,103
2027,Southbank,41012,1653,906,548,1701,5634,7689,6286,4155,2809,2093,1738,1525,1229,1081,830,564,329,242,20465,803,449,267,733,2670,3853,3282,2229,1494,1076,873,735,579,493,377,263,160,129,20548,850,457,281,967,2964,3837,3004,1926,1315,1017,865,790,650,588,453,302,169,113
2028,Southbank,43232,1779,1014,608,1739,5741,7963,6556,4399,3025,2288,1877,1639,1306,1156,894,603,386,259,21553,864,502,295,748,2717,3988,3423,2358,1606,1170,941,793,614,524,408,279,184,139,21677,915,511,313,991,3024,3974,3134,2041,1420,1117,936,846,692,631,485,324,202,121
2029,Southbank,45392,1904,1130,670,1771,5810,8199,6806,4637,3249,2492,2036,1745,1381,1233,965,651,422,289,22616,925,560,326,758,2745,4106,3554,2484,1719,1271,1018,844,651,565,433,304,197,156,22776,979,570,345,1013,3065,4093,3253,2153,1529,1221,1018,901,730,668,532,348,225,133
2030,Southbank,47202,2016,1249,734,1768,5783,8325,7000,4848,3462,2696,2195,1847,1463,1303,1030,702,466,316,23504,979,619,358,753,2727,4168,3653,2596,1830,1374,1094,891,691,601,462,322,214,172,23702,1038,630,377,1015,3056,4158,3347,2251,1633,1322,1101,956,772,703,568,379,251,145
2031,Southbank,48305,2074,1356,790,1739,5629,8262,7101,4993,3635,2866,2327,1942,1535,1360,1099,751,501,343,24040,1005,671,385,740,2650,4135,3702,2673,1920,1456,1164,936,727,624,494,344,229,185,24267,1070,685,405,999,2979,4128,3399,2321,1716,1411,1163,1006,808,736,605,406,272,158
2032,Southbank,49405,2114,1452,858,1741,5532,8203,7175,5116,3792,3020,2465,2033,1614,1417,1161,806,533,374,24568,1022,718,417,741,2602,4103,3738,2736,2001,1535,1229,978,764,652,524,366,242,200,24832,1092,733,440,1000,2930,4099,3437,2380,1791,1485,1236,1054,849,766,636,439,291,174
2033,Southbank,49864,2118,1527,915,1711,5341,8003,7149,5172,3906,3145,2576,2114,1678,1470,1218,854,561,405,24784,1022,755,445,729,2509,4002,3721,2765,2060,1598,1281,1017,800,676,547,390,253,214,25080,1096,772,470,982,2831,4001,3428,2407,1846,1548,1295,1096,878,794,671,465,309,191
2034,Southbank,50299,2113,1582,976,1705,5202,7828,7093,5206,3998,3258,2684,2199,1733,1517,1275,906,595,430,24981,1018,781,475,727,2443,3913,3689,2781,2108,1652,1333,1057,828,699,576,407,268,226,25317,1095,802,501,978,2759,3915,3404,2425,1890,1605,1351,1141,905,818,699,499,327,203
2035,Southbank,50737,2104,1618,1038,1715,5111,7687,7021,5227,4068,3356,2790,2282,1785,1569,1326,953,630,457,25183,1013,797,505,732,2401,3841,3651,2790,2145,1701,1385,1096,854,725,600,427,280,240,25553,1091,821,533,982,2710,3846,3370,2437,1923,1655,1405,1186,931,843,726,526,351,217
2036,Southbank,51174,2094,1637,1097,1733,5059,7579,6942,5235,4122,3443,2887,2359,1841,1620,1371,1005,667,482,25384,1008,805,533,741,2377,3786,3610,2792,2173,1745,1430,1136,882,751,618,450,295,252,25789,1086,832,564,992,2682,3792,3332,2443,1949,1698,1457,1223,959,869,754,555,372,230
2037,Southbank,51610,2085,1644,1150,1758,5032,7500,6868,5231,4163,3520,2972,2438,1893,1675,1416,1051,708,506,25586,1003,807,558,752,2365,3747,3572,2788,2194,1783,1473,1172,908,778,639,473,310,264,26025,1081,837,591,1006,2667,3753,3296,2444,1969,1737,1499,1266,986,897,777,579,398,242
2038,Southbank,52046,2075,1645,1194,1785,5025,7448,6803,5220,4191,3588,3053,2511,1947,1726,1462,1098,746,531,25785,999,806,579,764,2363,3721,3538,2780,2208,1817,1512,1205,934,806,659,491,327,276,26259,1076,839,615,1021,2662,3727,3264,2439,1982,1771,1541,1306,1012,920,803,607,419,255
2039,Southbank,52480,2066,1642,1227,1815,5028,7418,6751,5200,4209,3644,3126,2583,2004,1772,1504,1145,787,556,25983,995,804,593,777,2365,3706,3512,2769,2217,1846,1547,1239,962,829,679,514,340,289,26495,1071,838,633,1038,2664,3712,3239,2431,1992,1798,1579,1344,1042,943,825,631,448,267
2040,Southbank,52916,2058,1639,1248,1848,5041,7407,6715,5176,4222,3689,3191,2655,2061,1816,1551,1188,825,585,26187,991,802,603,792,2371,3701,3494,2756,2223,1869,1578,1273,990,851,702,534,355,302,26727,1067,837,646,1056,2670,3706,3221,2419,1999,1820,1613,1381,1071,965,849,654,470,283
2041,Southbank,53288,2050,1635,1260,1874,5045,7395,6685,5146,4228,3723,3249,2720,2113,1862,1596,1228,867,613,26360,988,800,607,803,2373,3695,3479,2741,2225,1886,1606,1303,1018,874,724,550,372,316,26927,1062,835,653,1070,2672,3700,3206,2405,2003,1837,1643,1417,1095,988,872,678,494,297
2016,West Melbourne (Industrial),103,5,2,2,3,9,13,11,9,6,6,6,7,4,3,2,2,1,0,47,2,1,1,2,4,7,6,5,3,3,3,4,2,1,1,1,1,0,45,3,1,1,2,5,6,6,4,3,4,3,2,2,1,1,1,0,0
2017,West Melbourne (Industrial),101,5,2,3,3,9,13,12,9,6,6,6,6,4,3,2,2,1,0,47,2,1,1,2,4,7,7,5,3,3,3,4,2,1,1,1,0,0,45,3,1,1,2,5,6,6,4,3,3,4,2,2,1,1,1,0,0
2018,West Melbourne (Industrial),98,5,2,2,4,10,13,13,9,6,6,6,6,4,2,2,2,1,0,48,2,1,1,2,5,7,7,5,3,3,3,4,2,1,1,1,0,0,45,2,1,1,2,5,7,6,4,3,4,3,2,2,1,1,1,0,0
2019,West Melbourne (Industrial),96,4,3,2,4,10,14,14,9,6,7,5,6,3,3,2,1,0,1,48,2,1,1,2,5,8,8,4,3,3,3,4,1,1,1,1,0,0,45,3,1,1,2,5,6,5,4,3,3,4,3,1,2,1,1,0,0
2020,West Melbourne (Industrial),95,5,2,2,4,10,14,13,9,6,7,6,7,4,2,2,2,0,1,48,2,1,1,2,5,7,7,5,3,3,3,4,2,1,1,1,0,0,46,2,1,1,2,5,7,7,4,3,4,2,2,2,2,1,1,0,0
2021,West Melbourne (Industrial),94,4,3,2,5,10,16,15,9,7,7,5,6,3,3,2,1,0,1,48,2,2,1,2,5,9,7,5,3,3,2,4,1,1,1,0,0,0,49,2,2,1,3,5,9,7,4,4,4,2,2,2,1,1,0,0,0
2022,West Melbourne (Industrial),93,4,4,2,4,10,18,14,9,7,7,5,7,3,2,2,1,0,1,48,2,1,1,2,5,7,7,5,3,3,3,4,2,1,1,1,0,0,49,2,2,1,3,5,8,7,4,3,4,3,1,2,2,1,1,0,0
2023,West Melbourne (Industrial),92,4,3,3,4,10,20,14,9,8,6,4,7,2,3,2,1,1,0,52,2,2,1,2,5,11,7,5,4,3,2,4,1,1,1,1,0,0,50,2,2,1,2,5,9,7,5,4,3,2,3,1,2,1,0,1,0
2024,West Melbourne (Industrial),482,21,6,7,38,97,111,60,34,23,20,20,16,10,7,5,4,2,2,246,10,3,3,17,48,57,35,19,12,10,9,9,5,3,2,2,1,1,237,11,3,4,21,49,54,26,15,12,10,11,7,5,3,2,2,1,1
2025,West Melbourne (Industrial),863,41,11,11,61,168,205,115,61,42,37,36,27,18,11,7,5,4,3,443,21,6,5,27,83,105,66,34,21,18,17,14,9,6,4,3,2,2,423,21,5,6,34,85,100,49,27,21,19,18,13,9,6,3,3,2,2
2026,West Melbourne (Industrial),1239,64,18,15,77,224,294,172,91,64,56,53,39,26,17,10,8,6,5,633,32,9,7,34,110,150,98,51,32,27,26,20,13,8,6,4,3,3,607,33,8,8,43,114,143,75,40,32,29,27,19,13,9,5,4,3,2
2027,West Melbourne (Industrial),1609,89,26,19,89,267,375,232,124,87,77,71,53,36,23,15,11,8,7,822,44,14,9,39,130,192,131,70,44,37,35,27,18,11,8,5,4,4,790,46,12,11,49,137,183,102,54,44,40,37,26,18,12,7,5,4,3
2028,West Melbourne (Industrial),1981,116,38,24,99,301,450,292,161,113,99,91,69,47,30,19,14,10,9,1009,56,20,11,43,146,231,163,91,57,47,44,34,23,15,11,7,5,5,971,60,18,13,55,155,219,129,70,56,52,47,34,23,15,9,7,5,4
2029,West Melbourne (Industrial),2395,145,53,30,110,335,527,356,203,144,125,114,87,59,39,25,18,13,12,1219,70,28,14,48,162,270,198,115,73,59,55,43,30,19,14,9,6,6,1177,75,25,17,62,173,257,158,88,71,66,59,44,29,20,12,9,6,6
2030,West Melbourne (Industrial),2825,176,71,37,122,364,603,421,248,177,154,139,107,73,49,32,22,16,15,1439,85,37,17,53,176,309,233,140,90,73,67,53,37,24,17,12,8,8,1388,91,34,20,69,188,294,188,108,87,81,72,54,36,25,15,11,8,7
2031,West Melbourne (Industrial),3254,205,91,44,134,391,671,486,294,211,183,166,128,87,60,39,27,19,18,1655,99,47,20,58,188,344,268,166,108,87,80,63,44,29,21,14,9,10,1599,106,44,24,76,202,327,218,128,103,96,86,65,43,31,19,13,10,8
2032,West Melbourne (Industrial),3683,232,112,53,146,417,732,548,339,246,214,193,150,103,72,47,33,23,22,1872,112,57,24,63,201,375,302,191,127,102,92,74,52,35,25,17,11,12,1808,120,55,28,82,216,357,246,148,119,112,100,76,51,37,23,16,12,10
2033,West Melbourne (Industrial),4111,258,132,63,158,445,790,608,384,282,245,220,173,120,84,56,39,28,26,2087,124,67,29,69,214,404,334,216,146,117,105,85,60,41,29,20,13,14,2020,134,66,33,89,231,385,274,167,136,128,115,88,59,43,27,19,14,12
2034,West Melbourne (Industrial),4538,284,153,74,170,472,844,665,428,318,277,249,196,137,97,66,46,32,30,2307,136,76,35,74,227,432,365,241,166,133,119,96,69,48,34,24,16,16,2232,147,76,39,96,245,412,300,187,153,144,130,101,68,49,32,22,17,14
2035,West Melbourne (Industrial),5198,322,175,90,198,544,954,745,489,367,319,287,226,160,114,78,55,39,36,2639,155,87,42,86,262,488,409,275,191,154,137,110,80,56,40,28,19,20,2559,167,88,48,112,282,466,336,214,176,166,150,116,79,58,38,27,20,16
2036,West Melbourne (Industrial),5854,360,198,107,222,606,1060,827,550,416,363,326,258,183,132,92,65,46,43,2972,173,99,50,97,292,543,455,308,217,175,156,125,92,65,47,33,22,23,2881,187,100,57,126,314,517,372,242,199,188,170,133,91,67,44,32,23,19
2037,West Melbourne (Industrial),6604,404,223,125,251,680,1186,921,617,471,412,371,293,210,152,107,77,54,50,3351,194,111,58,109,328,607,507,345,246,199,177,142,105,75,55,39,26,28,3253,209,112,67,142,353,579,415,272,225,213,194,151,104,77,52,37,28,23
2038,West Melbourne (Industrial),7349,447,248,143,277,746,1305,1017,684,527,463,417,330,237,173,124,89,63,58,3729,215,123,66,121,359,668,559,383,275,225,199,159,119,86,64,45,31,32,3621,232,125,77,156,387,637,458,301,252,239,218,171,118,88,60,44,32,26
2039,West Melbourne (Industrial),8131,492,276,162,305,812,1426,1118,755,586,517,466,369,267,197,141,103,73,67,4125,236,137,75,133,391,730,614,423,306,251,223,178,134,97,73,52,35,37,4009,256,139,87,172,421,696,504,332,280,266,243,192,133,100,69,51,38,30
2040,West Melbourne (Industrial),8949,538,306,181,334,880,1551,1223,827,647,573,517,411,298,222,161,118,84,77,4538,258,152,83,145,423,794,671,463,338,279,247,198,150,110,83,60,41,43,4411,280,154,97,188,457,757,552,364,309,294,270,214,149,112,78,58,43,35
2041,West Melbourne (Industrial),9764,583,337,200,361,943,1668,1327,901,709,631,569,455,331,249,182,134,96,88,4950,280,167,92,157,454,854,728,505,371,307,272,218,166,123,93,68,46,49,4815,304,170,108,204,490,814,599,396,338,323,297,237,165,126,88,67,50,39
2016,West Melbourne (Residential),5809,203,128,115,217,984,1338,966,495,359,266,226,158,111,95,73,45,17,15,3171,102,58,59,103,498,742,557,273,224,144,141,95,55,43,45,19,7,6,2639,101,69,57,114,486,596,409,221,135,122,85,63,56,52,28,26,10,9
2017,West Melbourne (Residential),6680,236,153,126,314,1180,1523,1084,582,380,299,242,170,128,101,78,49,19,17,3613,115,71,65,155,603,823,615,333,222,171,139,107,63,51,44,23,6,7,3066,121,82,61,159,577,701,468,249,158,128,103,62,65,50,33,26,13,10
2018,West Melbourne (Residential),7892,280,175,158,431,1451,1787,1272,674,435,322,281,188,141,114,83,57,21,22,4230,136,83,80,211,739,961,715,376,252,179,163,116,71,54,51,29,6,8,3661,144,92,78,219,712,826,557,298,183,143,118,72,71,60,32,27,15,14
2019,West Melbourne (Residential),8410,311,197,174,442,1506,1872,1380,741,455,359,288,215,153,118,89,62,27,23,4494,153,91,85,216,766,1010,767,410,259,198,169,129,78,55,57,32,11,8,3916,158,106,88,225,740,862,612,331,196,161,119,86,75,64,32,30,16,15
2020,West Melbourne (Residential),9227,356,219,191,489,1646,2035,1503,822,501,401,313,233,172,117,98,74,33,24,4909,174,103,95,237,836,1091,841,447,280,219,183,138,89,56,61,39,11,9,4318,182,116,96,252,810,945,662,375,221,182,130,94,83,61,37,34,22,16
2021,West Melbourne (Residential),10432,409,252,220,558,1872,2301,1684,923,581,438,351,260,192,129,104,90,41,27,5524,199,122,102,271,951,1232,936,498,312,241,201,162,98,64,61,49,15,10,4910,210,130,118,287,922,1069,748,425,269,197,150,99,95,65,44,40,25,17
2022,West Melbourne (Residential),11092,456,278,242,553,1911,2431,1796,1004,647,470,387,278,207,145,113,96,46,31,5860,222,133,113,270,970,1302,991,538,352,249,226,165,109,71,69,51,18,11,5234,234,145,130,284,941,1129,805,467,295,221,161,113,98,74,44,46,27,20
2023,West Melbourne (Residential),11488,493,302,254,541,1867,2479,1865,1079,702,509,408,303,221,157,121,102,50,34,6064,239,143,120,263,946,1328,1028,577,378,270,234,181,116,78,72,56,22,13,5424,253,159,135,278,921,1151,837,503,323,239,174,122,105,80,49,46,28,21
2024,West Melbourne (Residential),11637,520,326,267,514,1755,2451,1892,1141,750,532,442,311,241,170,125,108,54,38,6137,252,156,124,249,889,1314,1043,608,402,279,250,187,126,84,74,61,24,15,5499,268,170,143,265,866,1137,849,532,348,253,192,124,114,86,52,47,30,23
2025,West Melbourne (Residential),11999,552,359,280,516,1714,2470,1935,1203,805,572,476,331,254,186,128,116,61,42,6322,267,171,131,250,868,1323,1064,645,427,297,266,198,134,94,76,65,29,17,5675,285,188,149,266,845,1146,870,559,377,275,210,133,120,93,52,50,32,25
2026,West Melbourne (Residential),12040,572,385,289,492,1595,2398,1931,1242,845,615,493,350,268,198,135,118,68,45,6345,276,184,137,235,810,1285,1064,666,448,313,276,205,148,99,81,65,34,19,5695,295,201,152,257,786,1113,867,576,397,302,218,145,120,99,54,53,34,26
2027,West Melbourne (Residential),12160,589,414,299,482,1515,2344,1930,1278,888,658,514,373,277,208,146,124,71,49,6405,285,198,140,231,770,1257,1064,684,469,338,280,220,149,108,86,70,35,21,5757,304,216,159,251,745,1087,866,595,420,320,234,153,128,101,60,54,36,28
2028,West Melbourne (Residential),12411,610,442,312,483,1480,2326,1936,1315,940,702,544,390,295,219,156,131,75,53,6533,295,211,146,231,753,1248,1068,703,495,359,296,227,160,113,92,73,39,24,5879,316,231,166,252,727,1079,868,612,445,343,248,163,135,106,64,59,36,29
2029,West Melbourne (Residential),13125,653,480,334,516,1554,2434,1995,1380,1014,765,578,422,308,239,172,139,82,59,6896,316,230,157,245,792,1304,1100,735,532,389,313,243,168,124,101,77,43,27,6228,337,250,177,271,762,1130,895,644,482,375,265,180,140,115,71,63,39,32
2030,West Melbourne (Residential),13849,700,521,360,535,1607,2549,2064,1444,1088,830,623,454,328,252,190,147,90,67,7266,339,249,169,253,819,1366,1138,766,571,420,336,258,178,132,112,81,47,32,6583,361,271,191,282,788,1184,926,678,517,410,288,196,150,120,77,66,43,35
2031,West Melbourne (Residential),14655,742,564,388,563,1676,2681,2152,1508,1164,896,680,481,351,270,206,160,97,76,7676,360,270,182,266,853,1436,1185,798,610,453,362,273,187,145,122,88,49,37,6977,382,294,206,296,824,1245,967,710,554,443,318,207,164,124,84,72,48,39
2032,West Melbourne (Residential),15547,786,609,419,594,1763,2832,2259,1577,1241,967,738,510,378,285,223,176,105,83,8132,382,292,197,280,896,1517,1242,833,648,487,395,286,202,151,134,96,54,40,7413,404,317,222,314,867,1315,1017,744,593,480,343,224,176,135,88,80,51,43
2033,West Melbourne (Residential),16459,828,656,451,626,1851,2983,2375,1646,1316,1041,796,547,400,307,239,192,114,91,8598,402,315,212,294,940,1598,1303,868,686,523,424,307,211,163,144,105,58,45,7862,426,341,239,332,911,1385,1072,779,630,518,372,240,189,144,94,88,56,46
2034,West Melbourne (Residential),17189,860,697,480,646,1893,3082,2473,1703,1379,1109,853,578,428,322,257,208,122,99,8970,418,335,226,303,959,1651,1355,897,717,556,452,323,225,171,156,114,62,50,8221,443,362,254,343,934,1431,1118,806,662,553,401,255,203,151,102,94,60,49
2035,West Melbourne (Residential),17929,892,735,511,669,1941,3178,2571,1764,1438,1173,909,616,455,342,272,225,130,108,9343,433,353,241,313,983,1702,1407,929,745,588,479,343,238,180,165,124,66,54,8582,459,381,270,356,958,1475,1164,835,693,585,430,273,217,162,107,101,63,53
2036,West Melbourne (Residential),18687,925,770,544,696,1998,3276,2667,1829,1494,1236,965,660,477,364,290,241,139,116,9732,448,370,256,325,1011,1754,1458,963,773,620,507,364,251,190,178,133,72,59,8955,476,399,288,371,987,1522,1209,866,721,617,458,296,226,174,112,108,68,57
2037,West Melbourne (Residential),19464,958,802,576,726,2060,3380,2762,1898,1549,1298,1021,704,502,388,306,257,151,124,10126,465,386,272,338,1042,1809,1509,998,800,649,534,388,262,203,186,144,78,63,9337,494,416,305,388,1018,1571,1253,900,749,649,487,316,240,185,120,113,73,60
2038,West Melbourne (Residential),20218,991,832,608,754,2119,3478,2853,1967,1601,1356,1078,748,530,408,325,273,162,132,10513,481,401,287,351,1071,1861,1558,1034,826,678,562,410,277,212,198,153,85,68,9707,511,432,322,403,1048,1618,1295,934,775,679,516,337,253,196,127,120,77,64
2039,West Melbourne (Residential),20642,1007,855,634,760,2103,3491,2903,2014,1638,1400,1128,788,553,431,338,288,171,138,10731,488,411,299,354,1062,1868,1584,1058,845,699,586,431,290,224,206,163,91,72,9916,519,443,335,407,1042,1624,1319,955,793,702,542,357,263,208,133,126,81,67
2040,West Melbourne (Residential),21069,1023,874,658,773,2103,3506,2945,2059,1674,1440,1173,828,579,454,354,301,182,145,10945,495,420,311,359,1061,1875,1606,1082,863,717,608,450,304,235,215,171,97,76,10124,528,454,348,414,1042,1630,1338,977,811,723,565,378,275,219,139,130,84,69
2041,West Melbourne (Residential),21498,1038,892,680,790,2115,3525,2980,2102,1710,1476,1215,866,609,472,371,316,191,151,11163,502,429,321,367,1067,1885,1625,1105,881,734,628,468,319,245,223,181,103,80,10335,536,463,359,424,1048,1640,1355,996,828,742,587,397,290,227,148,135,88,72